gene_id,GSM883944,GSM883945,GSM883946,GSM883947,GSM883948,GSM883949,GSM883950,GSM883951,GSM883952,GSM883953,GSM883954,GSM883955,GSM883956,GSM883957,GSM883958,GSM883959,GSM883960,GSM883961,GSM883962,GSM883963,GSM883964,GSM883965,GSM883966,GSM883967,GSM883968,GSM883969,GSM883970,GSM883971,GSM883972,GSM883973,GSM883974,GSM883975,GSM883976,GSM883977,GSM883978,GSM883979,GSM883980,GSM883981,GSM883982,GSM883983,GSM883984,GSM883985,GSM883986,GSM883987,GSM883988,GSM883989,GSM883990,GSM883991,GSM883992,GSM883993,GSM883994,GSM883995,GSM883996,GSM883997,GSM883998,GSM883999,GSM884000,GSM884001,GSM884002,GSM884003,GSM884004,GSM884005,GSM884006,GSM884007,GSM884008,GSM884009,GSM884010,GSM884011,GSM884012,GSM884013,GSM884014,GSM884015,GSM884016,GSM884017,GSM884018,GSM884019,GSM884020,GSM884021,GSM884022,GSM884023,GSM884024,GSM884025,GSM884026,GSM884027,GSM884028,GSM884029,GSM884030,GSM884031,GSM884032,GSM884033,GSM884034,GSM884035,GSM884036,GSM884037,GSM884038,GSM884039,GSM884040,GSM884041,GSM884042,GSM884043,GSM884044,GSM884045,GSM884046,GSM884047,GSM884048,GSM884049,GSM884050,GSM884051,GSM884052,GSM884053,GSM884054,GSM884055,GSM884056,GSM884057,GSM884058,GSM884059,GSM884060,GSM884061,GSM884062,GSM884063,GSM884064,GSM884065,GSM884066,GSM884067,GSM884068,GSM884069,GSM884070,GSM884071,GSM884072,GSM884073,GSM884074,GSM884075,GSM884076,GSM884077,GSM884078,GSM884079,GSM884080,GSM884081,GSM884082,GSM884083,GSM884084,GSM884085,GSM884086,GSM884087,GSM884088,GSM884089,GSM884090,GSM884091,GSM884092,GSM884093,GSM884094,GSM884095,GSM884096,GSM884097,GSM884098,GSM884099,GSM884100,GSM884101,GSM884102,GSM884103,GSM884104,GSM884105,GSM884106,GSM884107,GSM884108,GSM884109,GSM884110,GSM884111,GSM884112,GSM884113,GSM884114,GSM884115,GSM884116,GSM884117,GSM884118,GSM884119,GSM884120,GSM884121,GSM884122,GSM884123,GSM884124,GSM884125,GSM884126,GSM884127,GSM884128,GSM884129,GSM884130,GSM884131,GSM884132,GSM884133,GSM884134,GSM884135,GSM884136,GSM884137,GSM884138,GSM884139,GSM884140,GSM884141,GSM884142,GSM884143,GSM884144,GSM884145,GSM884146,GSM884147,GSM884148,GSM884149,GSM884150,GSM884151,GSM884152,GSM884153,GSM884154,GSM884155,GSM884156,GSM884157,GSM884158,GSM884159,GSM884160,GSM884161,GSM884162,GSM884163,GSM884164
ATP2A3,5.192163,6.380106,6.577776,6.476847,7.101043,7.420993,5.62223,6.106543,6.774088,7.468107,6.439712,5.745581,5.394355,6.610171,6.533025,6.460614,7.022612,6.699884,7.852415,7.64754,8.629317,5.752055,7.96926,6.622755,6.368523,6.102686,5.685487,6.468269,5.839356,7.545531,6.153504,6.488287,6.893651,6.995078,6.766151,7.502785,6.546559,6.459225,7.392499,7.978416,7.191424,6.496053,6.715239,6.426439,6.437992,7.027783,6.553245,6.306231,7.075305,7.943087,6.960329,8.079206,6.940133,6.868508,6.958726,6.266619,8.411165,8.191522,6.594048,6.367381,6.612791,6.691526,7.457803,6.664454,6.205355,6.850677,6.932527,6.0136,6.622962,7.869229,6.886589,7.079983,6.341089,6.603425,6.679474,6.218369,6.498438,6.746003,6.164886,6.799867,6.727948,6.395163,7.840294,8.125148,6.912056,6.439881,6.751487,8.553825,6.567497,8.572027,6.7058,7.105055,7.395274,7.348827,7.651476,6.71659,7.100666,6.672426,6.719054,6.76166,7.874851,8.029031,6.768483,7.865385,7.964398,7.418309,8.39348,7.433021,9.223818,7.551637,6.577653,7.116242,6.314342,6.648921,6.164523,7.092843,7.020668,6.705121,6.700271,7.197257,6.349864,6.5667,6.433222,7.097971,7.188972,7.883592,7.559321,8.643132,7.025554,6.987422,7.420751,7.161738,6.494155,7.203,8.227599,6.638721,7.865135,7.169673,6.56093,6.71515,7.451327,6.756763,6.855872,7.508746,7.568835,7.178519,8.147971,7.28693,6.352021,6.1237,8.101482,7.036271,7.095831,7.503234,7.434908,6.77997,7.110638,7.05404,7.289958,5.679311,8.433427,6.3517,6.871039,5.933156,7.69395,6.48442,6.161576,6.16293,7.360426,6.902839,7.519824,7.796963,7.651494,6.492439,6.726901,6.139812,6.144601,6.795503,7.11914,5.655426,6.576324,6.981359,6.804909,7.132206,7.796505,7.243379,7.04351,7.01022,6.463428,6.788037,7.322977,6.351339,6.360833,6.093905,6.835314,6.868405,6.527705,7.221522,6.471958,6.384619,7.05564,6.968545,6.53779,6.98456,6.956261,6.419394,6.367278,7.329714,6.646406,7.225503,7.266048,7.069135,8.399566,6.448138,6.731357,6.503044,6.847168,6.480699,6.785536,6.450027,6.020239
CAT,5.923509,7.669481,6.749482,7.565173,7.622587,6.446842,7.205922,6.424367,8.051572,7.049344,7.029906,7.43433,7.611919,6.425945,6.985296,7.154257,7.043227,7.794032,6.901403,6.935523,6.243446,7.028137,6.322788,7.668393,6.766074,7.457467,7.121591,7.426236,7.825968,6.736645,6.732857,7.137246,7.160601,7.103182,7.348933,7.114671,6.796234,7.263977,7.314498,7.232449,7.460185,7.175959,6.260914,6.913112,6.783421,6.75974,6.962946,7.316611,6.60672,6.907099,5.869144,6.367377,6.5828,7.378025,7.330124,6.91084,7.049423,6.979959,7.70251,6.802474,6.912184,7.134406,7.246918,7.065879,7.380724,6.513729,6.962233,7.09324,6.824883,7.088793,6.732399,7.544878,7.386223,6.781179,7.905688,6.844929,7.159007,7.310686,7.545998,7.589816,7.828122,7.656514,6.93789,6.75603,7.243255,7.065969,7.319775,7.25675,7.464398,6.726939,7.1491,6.815181,6.825429,7.077862,7.376193,7.781441,6.385854,7.003484,6.401368,6.248804,7.054856,6.886233,6.153924,6.623841,6.707326,7.15664,6.674677,7.096621,6.960611,6.667259,7.455127,7.130351,7.053202,6.958503,7.06637,6.533475,7.766819,7.390319,7.261745,6.848339,5.584213,7.107263,7.341154,7.889036,7.346484,6.927875,6.650041,6.411849,7.590815,5.615087,6.687164,6.749918,6.642534,6.898984,6.607327,6.789899,7.201663,6.612859,6.804459,7.561678,7.479898,6.377711,7.205096,6.928783,6.425659,6.116393,6.65854,6.665275,7.4941,6.701943,6.457086,7.331137,7.283662,7.083453,6.840749,7.943245,6.856825,6.080704,7.326983,6.366437,6.692019,6.60725,6.12054,7.597187,7.216984,7.470214,7.8212,7.500929,7.403818,7.263586,6.736193,7.443684,7.488037,8.120697,7.924959,7.582407,7.352515,7.380804,7.190856,7.287835,7.192016,6.988392,6.848227,7.936225,7.578412,7.425124,7.741106,7.412294,7.608195,7.314793,7.580202,7.014324,7.576262,7.616426,7.559058,7.505381,6.953892,6.130007,7.065866,7.221593,7.30353,7.902418,7.888433,7.771462,8.175161,7.564592,7.577277,7.664041,5.680482,7.525307,7.310947,7.655195,7.031986,6.544178,7.480362,7.864242,8.29479,8.251587,7.232449,7.606167,6.68002
CCL24,3.508556,3.551733,4.088679,3.479406,3.416885,3.736458,3.244835,3.24618,3.370569,3.531953,3.505154,3.184628,3.613986,3.475538,3.469177,3.532915,3.46756,3.597975,3.324486,3.66225,3.845988,3.506191,3.633009,3.704316,3.196516,3.648697,3.6003,3.60255,3.310718,3.21034,3.466403,3.234986,3.23041,3.126805,3.243925,3.283011,3.512915,3.335259,3.508364,3.182381,3.917327,3.367847,3.169671,3.521586,3.419708,3.644631,3.821148,3.397202,3.701603,2.992368,3.012995,3.272823,3.431459,3.490966,3.500418,3.281874,3.307144,3.652347,3.284825,3.295001,4.34389,3.190977,3.455255,3.499362,3.302167,4.040154,3.650408,3.35228,3.383657,3.61063,3.57007,3.328786,3.427428,3.34188,3.283277,3.363224,3.562724,3.614046,3.945762,3.755941,3.357347,3.253721,3.425637,3.551922,3.522495,3.363886,3.796048,3.011374,3.158481,3.2317,3.599818,3.771606,3.650968,3.490461,3.830654,3.604243,3.681069,3.451919,4.197252,3.670532,3.855772,3.131561,3.991256,3.863209,3.41176,3.455684,3.607001,3.672283,3.062757,4.130271,3.693125,3.289212,3.920396,3.478808,3.355892,3.490897,3.196986,3.826354,3.290961,3.026778,3.427743,3.861719,3.280105,3.454015,3.363733,3.724875,3.699011,3.608658,3.501435,4.840714,3.547261,3.996549,3.762421,3.405615,3.340935,3.558281,3.637114,3.741038,3.533411,3.440952,3.354139,4.069083,3.843622,3.731852,3.88502,3.720937,3.765508,3.587324,3.997649,3.557621,3.495692,3.771333,3.251211,3.576853,4.044342,3.730584,3.698092,3.774512,3.426144,4.194035,3.300335,3.875413,4.498924,3.909126,3.927441,3.296646,3.828359,3.892638,3.699358,3.906992,4.521636,3.836343,3.176829,3.954995,3.501508,4.046941,3.551208,3.84653,3.787465,3.701853,3.766547,3.837226,4.100889,3.750675,3.916308,3.918395,4.230312,3.907256,3.641622,3.828686,3.99499,4.234697,3.783423,3.790447,3.620899,3.448506,3.861312,3.571035,3.651935,3.817382,3.932877,3.820553,3.802547,3.742081,3.762079,3.463347,4.091272,3.955635,3.765199,4.13074,3.851749,3.71415,3.990344,3.537537,3.408652,3.64929,3.570596,3.665164,5.691237,4.004721,3.511076
CCL26,3.237542,2.702321,3.492727,2.623864,2.967484,4.047926,2.740483,3.140386,2.629874,3.040312,2.865342,2.965444,2.848549,3.139921,2.881413,2.838504,3.10119,2.922022,2.868989,3.073518,3.580945,2.871188,3.432118,2.943885,2.934054,3.27583,2.602469,2.94293,2.677693,3.176782,2.637628,2.55451,2.658274,2.509652,2.45384,2.76254,3.165901,2.597462,2.688752,2.929377,2.812187,3.033345,3.369717,3.207985,2.892831,3.238188,3.18668,2.740117,3.476635,3.492929,3.222898,2.91818,2.499331,2.785216,2.877677,2.897382,2.828023,3.474959,2.44321,3.087802,3.351035,3.142156,3.108511,3.490504,2.821324,4.432457,2.752309,3.321131,2.906366,3.009339,3.316388,3.253145,2.753551,3.220627,3.401098,3.093976,3.018564,3.439066,3.815025,2.771181,2.574781,2.757423,3.14756,3.156893,3.241933,2.890913,3.5962,2.86447,2.457961,3.036045,2.958161,3.427828,2.961922,3.482227,3.282081,2.924397,3.415895,3.243964,3.331357,3.486407,3.030719,2.837247,3.824522,3.10086,3.045724,3.132423,2.738276,3.274338,3.063294,2.949693,3.179953,3.084846,3.438011,2.980106,3.423903,3.16811,3.110723,3.491732,3.174524,2.624641,3.173412,2.836752,2.626018,2.698484,2.793586,2.911512,3.152039,4.023098,2.962884,4.077336,3.203135,3.081858,3.244645,3.071589,3.042743,3.303393,2.730305,3.104512,3.862518,3.388462,2.950458,4.012459,3.446982,2.80418,3.398629,3.256962,3.44443,3.448842,2.678909,2.883399,2.847077,3.3308,2.986081,3.143723,3.664601,3.068303,3.223701,3.260108,3.076276,3.464449,2.627016,3.185004,3.504696,3.216738,3.614807,2.400345,2.547323,2.752528,2.856753,2.685643,2.81233,2.9579,2.651677,3.017053,2.984941,2.782852,3.15021,3.091148,2.941015,2.835483,3.216035,3.56814,3.078372,2.872509,3.6217,2.993095,2.841589,3.369774,3.522166,3.021981,2.98033,3.546906,3.328269,3.101402,3.277799,2.577821,2.827988,3.209581,3.178801,3.019212,3.57654,3.063684,3.205052,3.356735,2.939553,2.452826,3.147475,3.389416,3.786698,3.109281,3.461155,2.930264,3.425385,3.22396,3.097624,2.986988,2.827417,2.429039,4.650218,2.66554,3.42292
CCL3,4.990029,4.475904,5.198765,4.551517,5.196277,4.771565,4.345395,4.251988,4.205678,4.347468,4.478106,4.37326,4.644558,4.981142,4.761176,5.374696,4.516117,4.341887,4.638427,4.608546,4.846541,4.764988,4.767195,4.708382,4.477051,4.416598,4.565615,4.442583,4.443488,4.974238,4.54395,4.766814,4.799581,4.415577,4.834324,4.524815,4.404882,4.661937,4.456278,4.616606,4.079086,4.379711,4.990611,4.831148,4.604684,4.768433,4.03192,4.439549,4.653803,4.315336,5.384835,4.5617,4.910479,4.891023,4.635416,4.453461,4.548405,4.60242,4.418658,4.331229,5.010284,4.80435,4.655951,4.767956,4.383237,4.841175,4.79698,4.742188,4.99718,4.431338,5.068792,4.792799,4.236122,4.609093,4.924959,4.707045,4.355647,4.459592,3.943802,4.502531,4.444317,4.548353,5.078392,4.841694,4.814604,4.973645,4.370322,4.655478,4.594006,4.589561,4.561846,4.898078,4.909877,4.481233,4.710393,4.760365,4.832095,4.320128,4.74803,4.689391,5.059564,4.514096,5.636368,4.626737,4.606548,4.64043,4.957536,5.061848,4.779737,4.324677,4.424451,4.549035,4.425996,4.795463,4.774659,5.193306,4.478062,4.953146,4.53116,4.710315,5.950795,4.356514,4.530103,4.440774,4.844794,5.002384,4.807946,4.855832,4.726937,5.790976,4.574053,5.133839,5.435167,4.58684,4.652537,5.483298,4.626781,4.634729,5.091766,4.91739,5.037331,4.86399,4.699738,4.532235,4.750855,4.887431,4.661867,5.066481,4.775702,4.749356,4.918505,4.634443,4.821533,5.156713,5.169155,4.291423,4.441134,4.594395,4.422174,4.815498,4.379872,4.716599,5.89237,4.866894,4.508617,4.725533,4.185624,4.156521,4.631869,4.251153,4.372283,4.834974,5.270018,5.211322,5.090581,4.564769,4.956803,4.395165,4.544192,4.51536,4.863159,5.272565,6.068737,5.200989,5.026229,5.293726,5.0624,5.297649,4.851154,5.320104,5.25391,5.294049,5.179195,5.301433,4.660951,4.595979,5.099804,5.279501,4.821703,5.036939,4.889343,4.953946,4.797329,4.918948,4.757269,4.884717,5.213378,4.641121,4.741293,4.869744,5.649122,4.685838,5.027441,5.64978,4.598253,4.759227,4.927717,4.621374,5.38905,5.290969,4.848467
CCL4,2.533786,2.893035,2.97218,2.364316,2.431317,3.711243,2.423174,2.228801,2.474842,2.019248,2.190772,2.783072,2.532384,1.97164,2.192055,3.814878,3.287287,2.128622,2.675874,2.517036,2.058692,2.168269,2.714202,3.134051,2.700359,2.235977,2.828179,3.218933,2.739895,2.711705,2.039561,3.175524,3.39783,2.760833,1.78671,2.750927,2.624743,2.20776,1.563033,3.354219,2.755392,2.470688,2.481965,2.480992,2.40173,2.20894,2.154638,1.681082,3.418299,1.774567,1.816061,2.699621,2.360368,2.282538,1.871642,3.34416,2.389043,2.459038,2.203153,2.288991,3.178069,3.200745,2.475422,2.895743,2.0368,1.777481,2.077505,2.065803,1.72237,2.235133,2.362973,2.760079,2.595818,2.320718,2.294899,1.737642,2.317642,2.191387,1.680943,2.005501,2.90303,2.054707,2.455898,1.960228,2.091565,2.19007,2.424154,1.476444,2.518745,2.154286,2.486477,1.982213,2.104998,2.621634,1.876308,2.357303,2.475614,2.012845,1.318988,2.58188,2.372151,1.870926,2.77525,2.730808,2.455828,2.100035,2.60313,1.812368,2.316663,2.400553,1.353436,2.05951,2.387966,2.166178,1.781077,2.212433,1.919033,1.982355,2.156169,2.717352,4.03684,2.029949,1.917167,2.116516,2.359008,1.807667,3.102466,2.972704,1.54179,2.206122,2.567584,2.299205,2.524676,2.589336,2.548066,2.149062,1.430899,2.169497,3.160674,1.660271,2.533202,3.397943,2.16446,2.410377,3.27006,3.39019,2.747718,2.686011,3.067845,1.9542,2.996794,2.415016,2.157724,2.698423,2.623072,2.062227,2.05467,2.345581,2.308045,3.006419,2.237445,2.420087,2.393507,1.682905,2.215525,2.474771,2.344617,2.480137,3.0931,1.551258,2.277389,1.704076,2.746036,2.019262,2.229685,2.88179,2.209656,2.714256,2.805577,2.155599,1.83035,1.519159,1.114486,2.170497,2.060972,1.689791,2.125741,2.460051,2.866595,2.012199,2.701795,2.274408,2.221878,2.139047,1.863454,1.581886,2.594089,2.134096,2.258733,2.071036,2.146156,1.851826,2.727524,1.682688,2.762741,1.823183,3.080092,1.665296,3.154799,2.31535,2.070732,2.142544,2.898611,3.253218,1.455615,2.487234,2.108858,1.907642,2.371587,2.578313,1.888878
CCL5,5.422404,6.283208,5.772282,5.417238,6.445908,6.280915,5.729622,4.856996,5.251999,6.171548,5.848101,5.567842,6.340641,6.93598,4.809834,7.554305,7.141904,4.491911,5.258413,5.770186,6.125935,5.510335,6.477216,7.026467,5.636972,6.057425,5.236973,5.852631,5.942833,6.28577,6.570344,7.642469,8.51683,6.199217,6.569419,7.233715,7.042867,5.764888,4.393349,6.610158,5.634231,6.324184,5.210526,5.966347,6.215553,6.117958,5.858215,4.533453,6.560822,5.274392,7.31804,6.770339,6.167547,8.19323,7.47428,7.270674,6.698953,6.466624,6.029203,5.773414,5.455887,6.600174,6.890329,5.777717,4.375705,6.035676,5.010078,5.235033,6.329002,4.591685,6.130876,6.427157,4.591142,4.645974,5.668097,5.630952,5.406534,5.536045,5.342508,4.953389,6.781261,4.34528,7.130183,6.015715,6.258633,5.897877,5.737746,4.71416,5.467783,5.691716,7.268688,6.654892,5.713274,6.222395,5.93733,4.977103,5.169171,4.872474,5.73731,6.254352,5.242336,5.404665,5.303944,6.711841,6.793174,6.059808,5.766562,5.073023,7.021667,6.692991,5.704382,6.584825,5.644809,6.26371,5.696971,5.081272,5.610671,5.543873,6.103374,5.25768,8.396511,5.795863,4.895814,5.549352,5.063897,5.091281,8.075948,5.188528,4.979744,5.88039,6.115372,5.569919,7.109691,6.164094,6.487328,5.233994,5.302222,6.108849,6.424237,6.288906,5.948372,5.194915,4.735238,4.38886,6.471795,4.861982,5.946898,5.915773,6.141171,5.425705,7.652084,6.151607,5.065739,4.814783,6.274189,5.380491,5.795185,4.866704,5.830544,5.792391,4.319754,5.390876,7.342206,6.049547,5.430558,6.774311,6.11912,6.520772,7.693989,6.64638,7.088314,6.490314,7.687815,6.130877,6.852408,6.289243,5.806491,5.699647,4.986279,5.161489,7.022313,6.223455,8.144388,6.866953,5.554441,6.194369,7.141743,7.329998,7.712626,6.414106,5.326607,4.966597,6.056822,5.18773,7.037368,5.061046,6.923595,6.014601,6.101386,6.371758,7.412828,5.521306,7.282892,5.7669,7.759163,5.705868,6.771313,5.664822,8.349973,6.817597,8.921848,6.291101,7.906381,7.443887,5.597988,7.409941,6.912282,6.183328,6.521726,5.561771,4.779365
CD14,6.055588,5.198717,4.90346,4.517289,4.822399,5.109119,4.681692,4.487078,4.057924,4.833798,4.299306,4.623939,4.521416,4.939831,4.334986,6.194919,5.704146,4.516331,5.137242,4.758219,5.432249,4.586792,5.526752,4.981462,5.361781,4.823943,4.434896,4.131053,4.339906,5.102868,4.739646,5.372732,6.697769,5.540477,4.645635,5.418308,5.26423,4.331944,4.689257,5.761893,4.957575,5.116469,5.194748,5.731434,5.706021,4.914474,5.022687,4.642422,5.779165,5.043447,5.833011,5.461494,5.30418,5.482806,5.479187,5.007102,5.428148,5.257617,4.725738,5.276546,5.521683,5.453153,5.442275,5.131879,4.398497,5.376927,5.117616,4.667297,5.138949,5.486413,5.017975,5.908109,4.765544,4.842596,4.717402,4.809263,4.724672,4.304709,4.088674,4.47509,5.254782,4.404188,5.298916,5.302475,4.594383,4.86595,4.563005,4.876184,4.418998,5.658667,4.800618,5.261911,4.740486,4.953579,4.92685,4.503704,4.575603,5.170808,4.766763,5.28862,5.424415,5.278491,5.273544,5.286774,5.196729,5.257082,4.782656,4.82799,5.611456,5.314283,5.205304,5.230549,4.686762,5.530813,5.168914,5.078111,5.156121,5.0622,4.082482,4.377228,6.430668,4.971613,4.290276,4.416543,4.4182,4.806377,6.026694,5.194506,4.69433,5.592795,5.364827,5.192612,6.031456,5.070036,5.88553,4.84384,5.917645,5.311583,5.234731,4.903381,4.892916,4.938858,4.72049,5.265832,5.778391,5.046753,5.354896,5.341549,5.134068,5.05488,6.376234,5.080564,4.735692,4.674655,5.141571,4.810618,5.530837,4.927567,4.736416,5.342182,4.805799,4.618971,4.677524,5.129091,5.117802,5.592597,5.404604,5.281077,5.198835,4.545823,6.056685,5.718753,4.961425,4.404091,5.138864,4.083879,4.438252,4.766205,4.936195,4.98462,4.863999,5.351264,6.696496,5.37272,5.066658,5.302155,5.13489,4.921142,5.73157,4.872713,4.829997,4.736756,5.251448,5.066004,5.717104,5.414374,4.772724,5.408548,4.793984,4.640914,4.855947,5.079113,5.28088,4.71577,6.017889,4.922236,5.28893,6.153645,6.637565,5.31128,6.352715,5.267685,5.935649,6.00542,5.145349,5.173061,5.402158,5.009362,6.109138,5.641386,4.903033
CD68,5.836377,5.486692,5.271808,5.194328,5.638961,5.903222,5.641107,5.024305,5.172338,5.767367,5.634007,5.451152,5.372117,5.889931,5.451455,7.555127,6.303815,5.301064,5.15017,5.773206,5.960372,5.895872,5.764867,5.71443,5.833257,5.742787,5.488628,5.725974,5.523908,5.564434,5.658136,6.158482,7.174586,5.665784,5.964486,5.698147,5.906399,5.814917,5.416391,6.357374,5.669153,5.743576,5.949966,6.043186,5.774836,5.904308,5.765799,5.048963,5.951093,5.562275,7.086355,6.059822,5.239462,6.657931,6.410256,5.722591,5.968228,6.207659,5.31176,6.021241,6.179721,6.103269,6.246265,5.949687,5.329868,6.14714,5.830849,5.193957,6.016875,5.467639,5.540408,6.434618,5.787836,5.391888,5.765114,5.614894,5.405728,5.967868,5.70329,5.57571,6.080727,5.056897,6.697896,5.28739,5.933281,6.168272,6.728522,5.838583,5.518477,5.61671,6.021348,6.050148,5.310348,6.355865,6.472089,5.178314,5.506296,5.33857,5.85297,5.901134,5.958488,5.899579,5.376759,6.23383,6.085979,6.472126,6.076506,5.984585,6.25233,6.610535,5.961669,6.197827,6.436427,6.133139,5.993453,6.143708,5.864771,6.282241,5.422156,5.466285,7.38501,5.338858,5.324431,6.038629,5.772047,5.588225,6.761,5.895383,6.134678,6.338921,6.396715,6.390653,7.032071,5.498104,6.29251,5.641213,6.477835,6.057378,5.650649,6.431963,6.248003,6.648354,6.631023,6.107875,6.716267,5.725142,5.515839,5.437237,5.836353,5.153616,6.706231,6.09533,6.276063,6.772063,5.93716,5.838657,5.69719,6.010437,5.73739,6.098926,5.713051,5.985999,6.047521,7.054397,6.880014,6.141569,6.1662,6.288433,7.131696,5.832277,6.231389,6.999824,6.663644,6.315202,6.537631,6.320795,6.885197,6.47025,5.989256,6.217941,7.258302,6.835361,8.230659,6.907798,7.352857,6.767043,6.862263,6.572708,7.153827,6.446612,6.522048,6.631118,6.951588,6.883214,6.91378,6.416786,6.520242,6.099216,6.873098,5.810968,6.485339,6.479627,6.530792,6.888528,7.118328,6.224773,7.140218,7.365421,7.396132,7.178226,7.436321,6.602083,6.793988,6.550769,6.482922,6.421748,6.739699,6.91594,7.373957,6.997998,5.828631
CD79A,6.048385,4.196507,4.485867,3.701536,4.800654,4.937314,4.925118,4.045883,3.834836,4.925123,4.032378,4.111969,4.56142,4.8429,4.300252,4.708407,5.701557,4.129407,4.581563,4.815032,5.317832,3.823217,5.366896,4.248283,3.874228,4.135121,4.005702,4.127093,4.425139,4.596947,4.425141,5.151114,5.336442,4.548704,6.604712,4.369511,5.65728,4.645128,4.290671,5.577542,4.793521,4.971712,4.758693,4.884648,4.583936,4.730196,4.420573,3.821996,4.849944,4.623231,5.797058,5.164745,4.827018,5.849864,5.689926,5.21806,6.051411,5.551491,4.273232,5.030475,4.927093,4.413591,5.682448,5.106522,4.022526,5.322473,4.439103,4.261684,5.341884,4.67295,4.207274,4.533732,4.071349,4.363297,4.251228,4.280644,4.161417,4.201026,4.149512,3.800963,4.108001,4.122751,5.685271,4.710608,4.876663,4.192328,4.178279,4.206594,4.018393,4.503263,5.978675,4.665999,4.359858,4.85308,4.451308,4.192678,4.223266,4.299208,4.391742,5.327929,5.147821,5.356611,5.451085,5.743561,5.09633,4.394061,4.360714,4.320207,5.709446,5.170191,4.515714,5.16081,4.356371,5.319208,4.71687,4.564587,4.41863,4.593251,4.314555,4.407528,4.866287,4.582047,3.864182,4.066295,4.228209,4.399666,7.030686,5.098449,4.470895,5.092033,4.526352,5.004404,4.644564,4.46352,5.500665,4.533043,4.531015,4.605528,4.693784,4.293178,4.132089,5.074043,4.333709,5.394045,5.119175,4.609149,5.097035,4.911013,4.437186,3.983724,5.986049,4.922483,4.471478,4.418699,5.221159,4.251092,4.825561,4.762867,4.195562,4.41606,4.797244,4.552533,5.242215,3.897788,4.773202,5.321408,4.087751,5.313457,4.65003,5.51192,6.587972,5.868585,5.928409,4.429648,6.479571,4.129172,4.412401,4.811251,4.76579,4.687143,4.989548,4.651327,5.052537,5.836463,4.656361,5.200437,4.49156,4.602652,6.050057,4.87394,4.672214,5.047881,5.165555,4.416392,6.643124,4.514422,6.098466,4.392463,4.28604,4.168108,5.728072,4.865617,5.078505,4.489367,5.505142,4.502268,5.462815,6.384637,4.768831,5.27606,4.756263,4.901607,6.259589,5.13923,4.749473,6.040519,5.246901,4.028121,6.304796,5.084958,4.47744
CD79B,3.678609,3.619591,4.260508,3.729687,3.866235,4.517177,3.959137,3.48195,3.799896,3.91628,3.906182,3.831397,4.015582,4.141997,3.695998,3.718746,3.747184,3.614935,4.039474,3.947856,4.197777,3.785398,4.152023,3.613638,3.838087,3.984178,3.430912,3.908211,3.651454,3.923784,3.738948,4.142992,4.66232,3.958783,4.321867,4.304633,4.898225,3.735645,4.003324,4.254253,3.935921,4.098814,4.204595,4.391356,4.023466,4.079903,4.0693,4.003819,3.979001,4.122448,4.431297,4.080896,4.102066,4.329824,4.248035,4.060694,4.50468,4.093157,4.033293,3.915694,4.418361,4.237564,4.347394,4.383495,3.970921,4.155887,4.208226,3.780592,4.421592,4.1217,3.92916,3.952282,4.01949,4.162251,4.297991,4.225445,3.940663,3.836237,3.810248,3.942085,3.815234,3.975848,3.754453,4.190007,3.936327,3.937054,3.462674,3.796552,3.790851,4.041961,4.154388,4.322438,4.309332,4.097421,4.121143,4.042614,4.155054,3.971863,4.034808,4.040813,4.305171,4.036473,4.53485,4.414191,4.104659,4.029502,3.744477,3.830614,4.054232,3.902676,4.029507,3.818607,3.567241,4.072949,4.374856,4.013896,3.792729,3.884657,3.973021,3.972716,3.969409,4.065361,3.403644,3.749205,3.763489,3.807767,4.125743,4.530356,4.197486,4.601053,3.971431,4.251405,4.304615,3.551029,4.202499,4.285227,4.136807,3.949179,4.351596,4.042398,3.778454,4.582597,3.88203,4.17862,4.473094,4.082253,4.231241,4.441032,4.001035,4.283641,4.632794,3.744405,3.930496,3.861373,4.508126,3.793406,4.140119,3.988969,3.827378,4.49505,3.85798,4.157413,4.912614,3.562027,3.896168,3.843432,3.834994,3.903553,3.742489,3.719699,4.253087,3.884905,3.870903,3.686589,3.800411,3.752907,3.383028,4.047737,3.786757,3.868744,3.841257,4.322004,4.160589,3.717545,4.100001,3.847328,3.981122,3.901751,4.358081,4.223289,4.070627,4.24073,4.096981,3.921312,4.290756,3.735126,4.580047,4.208616,3.912991,3.792478,4.148351,4.503782,4.123271,4.029617,4.308688,4.225246,4.490267,4.252725,4.572815,3.947051,4.192181,3.975584,4.130501,4.239006,4.110497,4.006708,4.326818,3.837052,4.235001,3.966543,4.165751
CD9,8.904391,9.915909,9.396269,10.14936,9.909461,9.091965,10.24603,9.737507,10.15505,9.949047,10.53146,9.89505,9.89474,9.288159,10.08925,9.701097,9.771837,10.05724,10.02811,9.737641,8.693413,10.33701,9.245385,9.737244,9.862329,10.37967,10.38391,10.11437,9.976228,9.832732,10.05439,10.52185,9.544666,9.62034,10.52921,9.700823,9.910529,10.42709,10.28196,9.707289,9.852349,10.27495,9.360858,9.537544,10.0754,9.80467,9.600343,10.25601,9.385273,10.00338,9.22428,9.501239,9.564314,9.986329,10.26634,10.19226,9.568948,9.994616,9.999854,10.02341,10.29435,9.88619,9.94265,10.02944,10.25462,9.489045,9.961033,10.00871,9.429072,9.621397,9.124786,9.770872,10.03569,9.931194,9.562431,10.05951,9.875756,10.88139,10.88664,10.59444,10.44647,10.22485,9.991691,9.68867,9.704825,9.862181,11.25461,10.12745,10.25833,9.69181,9.989983,9.829181,9.960827,10.0072,10.51661,10.14825,9.263677,9.768011,9.559833,9.25432,9.55029,9.668889,8.890018,9.596064,10.025,10.84418,10.20676,10.576,9.310685,10.34846,10.19933,9.772833,10.7885,9.899154,9.450739,9.917185,10.1824,10.72686,10.33103,9.397079,8.375601,9.516004,9.681074,9.882948,9.709246,9.723698,9.2309,8.770385,9.958432,7.610452,9.639607,9.259149,9.751181,9.794484,9.508943,9.338131,9.639105,9.606684,8.994229,10.35755,10.35149,9.815176,10.37543,9.897833,9.883971,8.958495,9.542593,9.094163,9.980649,9.980168,8.777295,9.892475,10.05639,9.605978,9.251658,10.10992,9.718072,9.096523,10.35398,8.735546,9.827594,9.74439,7.234534,10.07528,9.946048,9.11299,9.347368,9.428961,9.69145,9.450784,9.148172,9.524735,9.057333,9.542913,9.450263,9.521578,9.834893,9.680735,9.187347,9.313856,9.615257,8.850259,8.866621,9.566491,9.748607,9.812955,9.522628,8.998179,9.217176,9.351242,8.767661,9.259628,9.428182,9.601661,8.89749,9.140385,8.613181,8.209352,9.006765,8.906179,8.350582,8.927965,8.365772,9.529464,8.90457,9.423698,8.696478,9.080393,7.379382,9.396255,8.526203,9.174476,8.086283,8.494545,8.829547,9.173174,9.28954,9.593715,9.56981,9.223441,8.158809
CHI3L1,7.135186,5.59538,4.714977,3.997286,4.493786,5.49207,4.236161,4.058076,3.707273,4.004594,3.480188,4.415929,4.368879,5.165655,4.047141,4.874186,4.755174,3.998402,5.445185,4.55589,5.282583,3.813614,6.681776,4.484498,4.25569,3.750023,3.904638,3.873085,4.722601,4.818325,4.394622,4.669925,6.477221,5.363137,5.603437,5.11304,4.899188,4.671239,4.746014,4.83294,4.339639,4.577037,5.16357,4.91807,5.04419,4.635041,5.42409,4.544696,5.383486,5.620887,6.723486,5.011685,5.057301,4.385331,4.392058,4.477195,4.829252,4.755859,4.584886,4.528119,4.728495,4.439241,4.693182,4.987489,4.643293,4.628462,5.130021,4.856944,4.999112,5.991129,4.623147,5.570732,5.875125,5.623867,4.737692,4.0225,4.123832,3.896797,4.101073,3.66797,5.021408,4.02965,4.870251,5.052884,4.39308,5.584973,4.302083,4.744658,3.992212,4.9293,4.179474,5.10673,4.775364,4.561384,3.978421,4.112423,4.293888,4.981937,4.806616,4.87157,5.475238,5.471891,5.110817,4.748217,4.632443,4.392841,4.119458,3.926597,4.948652,4.116817,3.890798,5.14818,3.812486,5.463108,5.029294,6.851511,4.594017,4.801141,4.124528,3.988408,6.032692,4.739695,4.631284,3.562714,4.041762,4.551546,4.306902,4.884028,4.370119,6.755358,5.105476,5.030751,5.417086,4.36182,7.101819,5.100758,5.485621,5.463238,5.038879,4.19489,4.154587,4.526539,4.393184,4.53716,6.648337,4.781486,4.745891,6.54722,4.986413,5.148808,6.064012,4.699536,4.083693,4.302547,4.758039,4.370632,5.357784,5.310524,3.745709,6.316761,5.072762,5.48373,4.765723,5.234488,4.846597,5.28231,4.746599,5.27571,5.061673,3.734524,7.739846,4.174686,4.651165,4.310049,4.565569,4.657775,4.519379,4.362037,4.997946,5.365609,5.104395,5.233239,6.764356,5.958323,4.559433,5.218113,4.649148,4.662284,4.895866,5.140373,4.816146,4.516642,6.275707,5.078226,5.229511,7.44055,5.001258,6.884541,4.937862,4.538617,5.15273,5.03171,4.873162,4.004594,5.80149,4.758701,5.538519,6.797449,7.209598,5.380806,6.024826,4.854608,5.305268,5.181072,4.280429,4.626946,4.740685,4.438172,6.010371,5.701083,5.830385
COL1A1,6.438166,5.767801,6.882924,6.812754,7.378242,6.381598,6.510543,7.133829,5.935699,7.47406,8.29596,6.373547,7.097173,7.254344,6.722435,7.075958,7.501764,5.997295,6.427032,7.756064,7.368866,6.984429,6.661343,5.835639,6.113359,7.334634,6.347175,5.822172,7.11621,7.481248,7.031831,6.567242,5.758445,6.532954,6.88947,6.041057,7.246573,6.218823,6.350608,7.035913,6.626597,6.626913,7.136298,7.611277,6.677846,7.484373,6.354561,5.975756,6.368884,6.713894,7.680636,7.145291,7.695092,7.296308,6.865292,7.294172,7.219303,7.263741,6.001989,6.889201,7.388433,6.24943,7.27424,6.607407,5.83537,8.270175,6.83834,6.588694,7.160962,6.614014,6.379945,5.988609,6.322833,6.831789,6.659281,8.366115,7.260738,6.379861,6.302341,6.072635,6.883327,6.040061,7.689949,7.184331,6.566238,7.210549,6.428301,6.869743,6.1963,6.797698,7.280253,7.376463,6.927625,7.475905,6.849003,6.655033,6.469183,6.20085,7.483815,10.56784,6.838239,7.035118,7.082677,7.558411,6.585373,8.028431,7.339862,6.359306,7.08759,7.557996,6.752997,6.783339,6.309292,7.747177,6.674217,6.842945,7.089535,6.146359,6.906452,6.099327,7.381744,7.345864,6.12238,5.939168,6.668187,6.479731,7.59885,6.864758,6.511086,7.437528,7.049023,7.362621,8.421404,6.580731,7.651255,6.552474,7.234431,7.55905,6.435243,6.808952,6.324934,6.980432,6.220513,6.452876,7.377718,6.710671,6.550921,6.950305,5.999507,6.233723,7.199039,6.618545,6.267537,6.244911,7.426732,6.462483,8.842314,6.737946,6.635242,5.987503,6.596161,7.208247,6.172306,5.33857,6.267756,6.138986,5.743222,6.149167,5.262164,6.332811,6.46548,5.847473,6.310609,5.732143,5.883995,5.768553,5.965166,6.367195,6.363558,6.524041,6.586064,6.500466,7.0509,6.489295,6.348545,6.719792,6.564879,6.324568,6.628421,6.610405,6.343598,6.815822,6.424697,6.482582,6.604433,6.528767,7.841017,6.992904,6.619512,6.389705,6.630136,6.172697,6.716106,6.625023,5.595977,6.766008,6.279823,6.302357,6.335654,6.318921,6.180992,6.344238,6.696209,6.804488,6.439278,6.024738,6.293852,5.822346,7.239989,6.426383,6.499965
CSF1R,4.653433,4.657331,4.890685,4.473955,4.492411,4.864206,4.049125,4.32132,4.296826,4.520211,4.06845,4.170432,4.506519,4.638427,4.090882,5.187879,5.375753,4.451315,4.470219,4.508715,4.300138,4.312325,4.936284,4.692615,4.620251,4.599024,3.999697,4.410866,4.455359,4.451901,4.544538,5.361903,6.233097,4.6734,4.64618,4.619787,4.657278,4.295135,4.063914,5.336667,4.620761,4.809524,4.827521,5.411983,4.869251,4.495237,4.292315,4.325862,5.209499,4.706305,6.051502,5.013245,4.57512,5.895786,5.409988,4.86577,4.923307,5.033004,4.600412,4.83609,4.89852,5.238294,5.501624,5.058675,4.229687,4.777647,4.862749,4.605466,5.203847,4.636322,4.754517,5.045436,4.512449,4.64742,4.630216,4.254647,4.494948,4.285694,4.231287,4.421785,4.792604,4.330946,5.194726,4.728226,5.019695,4.955689,4.678509,4.564466,4.626253,4.812014,5.379936,5.195786,4.681083,5.077236,4.748443,4.387891,4.435634,4.481146,4.374321,4.938812,4.966184,4.461927,5.184362,5.020068,4.65773,4.937047,4.610479,4.427725,5.031346,5.22307,5.053075,4.562187,4.516264,5.300382,5.02918,5.006614,4.989975,4.81836,4.330258,4.428557,6.05811,5.005495,4.103985,4.489508,4.358843,4.405567,5.803314,4.860457,4.330684,5.622829,5.215845,4.855389,5.942344,4.130236,5.504501,4.482888,5.219793,5.057706,4.872945,4.751937,4.491675,4.997535,4.483046,4.716644,5.320162,4.284259,4.967091,4.971871,5.071874,4.081984,5.300314,4.389909,4.686954,4.865429,5.002441,4.658552,5.072277,4.379879,4.606583,4.737193,4.543563,4.711132,5.211751,4.736861,4.477812,4.8765,4.541965,4.942103,4.757107,5.042448,5.22533,4.873455,5.421968,4.710451,5.055943,4.564633,4.299506,4.453043,5.057708,5.157134,5.298134,4.838187,6.067404,5.4344,4.848383,4.861087,5.159185,5.041198,5.881061,4.939092,4.915977,4.696034,5.328828,4.522406,5.516067,4.655118,5.149382,4.5314,4.812084,4.50791,5.372687,4.988674,4.907468,4.675819,5.199041,4.746124,5.292676,5.428937,5.257533,5.078373,5.717222,4.912261,4.932528,4.685074,5.004972,4.866181,5.551863,4.803213,6.055075,5.536905,4.82943
CSF3,6.225984,6.264312,6.092114,5.359396,6.063747,6.201004,5.341851,5.33754,5.613967,5.365827,5.517709,5.241902,5.572545,6.117462,5.856192,5.756606,6.07663,5.781152,5.705283,5.851365,6.226096,5.605332,6.060505,6.020873,6.104768,5.64211,5.491494,5.954686,5.659641,5.933677,5.688798,6.379744,6.10236,5.907436,6.667386,5.906322,5.759793,5.751903,6.308483,6.397719,6.390645,6.427205,6.490864,6.349603,6.248769,6.200724,6.763129,5.870296,6.500687,6.352751,7.045349,6.295061,6.332711,5.735908,5.606442,6.169631,5.790013,5.677152,5.958123,6.203866,6.39755,6.123401,6.257637,6.386718,5.823489,5.970538,6.285339,5.832338,6.426386,5.833693,6.302397,6.557788,6.120347,6.53449,6.126774,5.476614,5.872916,5.747832,5.34049,5.600435,5.57752,5.660353,6.00487,5.807516,6.703697,6.522835,5.262721,5.66941,5.775804,5.748361,5.815352,6.406097,6.091768,6.244287,6.066155,6.182572,6.360591,5.771692,6.178021,6.779256,6.195924,6.051976,6.700891,6.065265,6.265474,5.831858,5.828072,5.834649,6.033998,6.14608,6.15279,6.38929,5.684575,5.72954,6.247572,6.82792,5.76918,5.960453,5.774442,6.498263,6.815289,6.103256,6.120628,5.74696,6.005352,5.40673,6.300507,6.493611,6.230411,7.039372,6.487561,6.273801,6.1827,5.892015,6.200157,6.325836,6.173294,6.131577,6.102257,5.827098,5.869943,6.247272,5.931128,7.006467,6.682282,6.119166,6.011487,6.3026,5.950984,5.745028,6.420905,5.77327,6.15249,6.187069,6.311545,6.147024,5.935091,6.011732,5.682243,5.983074,5.870645,5.962531,6.573899,5.96491,5.986375,5.474252,5.784208,5.764943,5.362465,5.703507,6.781329,5.753156,6.088701,5.912116,6.174542,5.827669,5.609557,6.131409,5.899169,6.05441,6.145315,6.487409,6.692391,7.065171,6.396696,6.482768,6.77444,6.967277,5.96454,6.16738,7.212229,6.412774,6.229663,6.221883,6.569709,6.95222,6.423324,6.614185,6.214707,6.229984,6.559206,6.107995,6.453805,6.094007,6.15154,5.70742,6.756182,6.699931,7.232702,6.287252,6.240297,5.95599,6.605325,6.556413,6.061671,6.115286,6.084257,5.899657,6.100944,6.074555,6.197287
CXCL1,8.125304,9.13377,8.312993,7.975075,8.301038,8.513039,7.947344,7.822527,8.382257,7.515166,7.990706,8.234391,7.350545,7.583482,9.126741,8.010155,8.210628,9.031633,7.027719,8.100997,6.318038,8.152357,7.619592,8.637963,9.163275,7.899477,9.326456,8.118469,7.940674,8.254444,8.110929,9.195407,8.860275,8.386317,9.167518,7.823386,8.119588,7.76745,8.105154,8.208288,7.71039,9.282387,8.569579,8.233767,9.321938,8.395285,8.43469,8.304348,8.468433,8.290735,8.761364,8.325788,8.862361,8.537014,8.057448,9.080836,7.732183,8.017831,8.52858,8.962145,9.207174,8.339467,8.536099,9.069208,8.51828,8.458409,8.484299,8.630461,7.907471,7.754919,8.021435,7.977678,7.830688,8.76294,7.540588,8.554221,7.756053,7.912555,7.95804,7.915606,8.207775,8.117555,7.664328,8.368496,8.743949,9.41711,7.399208,7.739786,8.444788,7.924142,7.658523,8.796612,8.274178,6.537354,6.853661,9.342464,8.407381,7.182135,8.579822,8.577821,8.099805,8.006751,8.436375,7.399392,7.997866,7.393311,7.822527,8.582891,7.477625,7.705112,8.549281,8.296161,8.034561,9.07711,7.360691,9.564472,8.247045,8.444256,9.125864,7.853009,8.305719,8.377345,8.609198,8.361769,7.735915,7.104044,8.289742,6.867773,7.743391,6.947348,8.016619,7.112696,8.451214,6.487727,9.008689,7.44708,8.671515,7.959952,6.86252,7.462484,7.698731,6.854796,7.84037,7.750117,8.623652,7.364055,6.912639,8.380466,8.072911,8.72983,7.378604,7.523997,7.692035,8.451816,8.113215,9.226986,7.95747,7.712142,6.905004,7.68436,8.641996,7.821232,7.038567,8.056897,7.356859,8.567802,8.692733,8.848308,8.337608,8.830666,9.079226,8.074379,8.178713,8.217537,8.661897,8.218231,8.227923,8.979984,7.501222,8.978559,9.399799,8.312443,8.475813,9.073087,8.951544,8.581251,8.787481,9.101111,8.758058,8.552569,9.308209,8.670218,8.584492,9.357979,8.35005,9.43492,7.915363,8.912229,9.253627,8.972921,8.171462,7.858607,8.947536,8.78455,8.191383,8.077799,8.652683,9.156653,9.397093,8.206595,8.280861,7.773835,7.575651,7.992784,8.1666,8.905642,8.773297,8.638866,8.056512,8.601639,7.68423
CXCL10,3.87861,4.501872,2.484762,2.492246,3.360409,4.046837,2.426967,2.054606,2.433925,2.842405,2.545875,2.0099,2.283039,2.013653,2.511687,5.846375,3.898733,1.842752,2.523606,2.04079,4.045912,4.511927,2.774443,4.318652,2.06519,3.0401,1.945325,2.184561,4.262883,1.99714,3.427077,5.76453,4.129668,2.361967,3.53737,2.178495,4.597255,1.822499,2.226452,2.979854,2.715379,2.586976,5.681957,4.914201,5.06352,2.104781,2.994197,1.41025,2.742402,2.356437,8.623821,4.074352,2.868447,4.36335,4.214303,4.794244,3.795477,3.930229,2.782429,3.576062,2.990902,2.143495,3.595931,2.100175,1.751026,2.901483,2.598393,1.882978,3.976931,2.018918,5.207685,3.626898,1.577987,1.548479,1.732416,2.073957,1.725345,1.617415,2.355311,2.00839,2.535318,1.863701,5.409726,3.375047,2.742549,5.18364,2.088767,1.990653,3.218999,1.644461,3.0395,4.293384,3.065469,2.936929,1.77381,1.604339,2.433529,1.770536,2.032244,3.209219,2.908818,4.148392,2.29112,4.02806,4.651529,1.947616,3.180906,1.662047,3.792346,3.097669,2.308189,2.227823,2.210082,2.842387,4.293064,2.800749,1.99132,1.984199,2.023514,1.750883,9.206011,4.353107,1.58488,2.58112,1.827007,2.943835,5.804185,2.717942,1.831959,3.350737,3.900035,3.166436,8.430188,2.0953,3.774994,2.686275,2.197657,4.380469,2.61946,1.972696,2.239884,1.871477,1.76874,1.565112,2.968902,1.894355,1.903084,2.126052,2.254092,2.359801,4.988401,2.858054,2.125036,2.592628,3.354148,2.362424,3.105172,2.25899,2.916138,1.869894,1.667996,3.026929,3.949536,8.610553,2.911083,6.177468,3.146838,6.075649,3.383599,3.570467,3.602242,3.465145,4.031518,2.619102,2.975875,2.602383,2.451516,2.566655,2.214105,3.059732,2.762533,2.485862,8.779849,3.115065,2.024817,2.272476,4.04043,3.759789,3.303748,3.269735,1.975628,3.36696,2.944593,3.379478,3.846113,2.686846,3.319299,2.618683,2.755394,2.53071,2.882388,2.222381,3.246444,2.14852,2.852801,2.283137,4.870023,4.941224,6.047921,4.229613,3.221265,2.037333,4.135442,4.194184,2.585297,2.575731,2.826969,2.638566,5.940599,2.163759,2.287651
CXCL2,4.909847,5.219258,3.864085,4.094828,4.47397,4.524916,4.02771,3.473573,5.081042,3.780566,3.602793,5.259801,4.04774,3.25057,4.892708,3.958552,4.321683,4.826488,3.822786,3.893379,3.278296,3.862628,3.94628,5.360918,5.183605,3.801294,5.51187,3.809448,3.907104,4.014525,4.117425,4.664207,4.322842,4.362944,5.742802,4.053162,3.900857,4.167214,4.001654,3.886511,3.709025,4.475603,4.173216,3.868151,5.172339,4.261332,4.425682,4.162478,3.993836,4.569958,4.415864,3.968303,5.16607,3.870007,3.807235,4.804401,3.892912,3.709814,4.468467,4.665614,4.422361,3.955906,3.68087,3.894427,4.40943,3.832576,3.816521,4.096481,3.705174,3.666848,4.002802,3.809411,4.044558,4.704855,4.156098,4.245798,3.387137,3.32901,3.595486,3.486274,4.247313,4.370281,3.695912,4.053564,4.313055,4.979247,3.551199,3.377141,3.886878,3.91576,3.178054,4.41497,3.835222,3.322677,3.101453,4.027989,4.025128,3.307209,3.991504,4.351151,3.507279,3.935086,4.409662,3.649318,4.463355,3.469242,3.753479,3.69108,3.471904,3.555286,3.818744,4.268948,3.481629,4.442105,3.429285,4.915754,3.661321,3.723259,4.881794,3.733644,5.043322,4.031478,4.673318,3.605932,3.43747,3.481423,4.323348,4.341698,3.482317,3.617654,3.939668,3.628061,4.018007,3.421115,4.164906,3.463166,3.979988,3.976871,3.725623,3.704663,3.80357,3.752591,3.605668,3.920909,4.157832,3.72941,3.142386,4.134058,4.139816,4.319383,3.605507,3.659424,3.370112,4.357629,3.767641,4.569223,3.820709,3.701197,3.213614,3.496121,4.026249,3.693282,3.615783,4.006391,3.676637,4.433037,4.269076,4.558793,4.024511,4.139654,4.703398,4.042801,4.025825,3.623941,3.468649,3.564091,3.626774,4.139879,3.543458,4.264603,4.163018,4.31917,3.922761,4.401533,4.162902,4.353092,3.857283,3.484103,4.097692,3.814374,3.695947,3.413179,3.799891,4.647184,3.868253,4.641098,3.765748,3.776468,3.914175,3.923205,3.704605,3.552155,4.570566,4.297139,3.778091,3.448775,4.521883,4.161607,4.753865,3.760798,3.548042,3.255723,4.187021,3.902811,3.488468,4.100453,3.820414,3.425889,3.491926,3.806537,3.236142
CXCL5,5.515335,4.647279,5.054179,4.33837,5.189445,5.756363,4.400929,4.368923,4.370982,4.884096,4.682062,4.502617,4.654561,5.492656,4.7079,5.13379,4.893812,4.622442,4.68979,4.76402,5.372691,4.407681,5.405327,5.054707,4.986483,4.417432,4.318748,4.883592,4.305855,4.821342,4.531918,4.437264,5.115356,4.385592,4.782268,4.662901,4.645935,4.460723,4.558498,4.6976,4.828902,4.781899,5.172131,4.781504,4.621609,4.678646,5.022604,4.136303,4.858737,4.391743,4.712704,4.451227,4.477869,4.625075,4.348394,4.590976,4.414863,4.394919,4.475171,4.48741,5.000772,4.921727,4.625955,4.507561,4.296128,4.933309,4.785496,4.574133,4.917861,4.661652,4.611796,5.041067,4.457142,4.593725,4.815758,4.785538,3.904022,4.162245,4.169807,4.137162,4.560338,4.208502,4.796431,4.488506,4.47959,4.224467,4.103529,4.505382,4.332824,4.604964,4.207298,4.702631,4.505711,4.742988,4.423646,4.606326,4.466012,4.497754,4.582447,4.726787,4.801311,4.407254,5.238851,4.608462,4.666187,4.282506,4.428889,4.545294,4.767341,4.185926,4.2886,4.974547,4.234491,4.533814,4.794686,5.103802,4.281825,4.313229,4.154433,4.439816,4.999149,4.169831,4.28296,4.223226,4.559196,4.292855,4.513969,5.123484,4.542951,5.547306,4.692268,5.027467,4.748769,4.302874,4.904781,4.606962,4.233032,4.623276,4.962668,4.318851,4.349074,4.964182,4.349197,4.643489,4.946657,4.666224,4.603877,5.011313,4.5755,4.558387,4.751089,4.327738,4.47549,5.497643,4.610081,4.344399,4.606926,4.669208,3.999156,4.881567,4.281034,4.506106,5.47571,4.474651,4.615859,4.370794,4.134286,4.261277,4.133393,4.44081,4.965751,4.325768,4.066255,4.432667,3.81634,4.694834,4.199068,4.527303,4.479253,4.508273,4.620455,5.077034,4.98766,4.537865,5.027593,4.433924,4.706625,4.752131,4.86694,4.936194,4.83957,4.497276,4.364069,4.884257,4.80234,4.550068,4.939269,5.135947,4.793781,4.908587,4.947396,4.767469,4.936785,4.518668,5.151751,4.501676,5.144982,4.691681,5.957922,4.477056,5.043041,4.431739,4.604435,5.194394,4.316253,4.660329,4.297467,4.356361,4.552498,4.440078,4.634109
CXCL8,6.922845,7.911635,6.711705,6.995555,6.320647,7.107206,6.618473,7.705839,8.066514,6.849181,7.304277,7.325327,7.156195,6.307687,7.599952,7.536537,6.572794,8.516962,5.559642,6.326473,3.857725,8.107635,5.648249,7.72244,8.048573,6.94591,8.022755,7.775113,7.05749,6.708635,7.653382,6.910426,6.593557,6.07068,7.521208,6.793304,5.649646,6.659552,7.29654,5.93447,5.462286,6.888055,7.578034,6.061825,7.329304,7.040814,7.11124,7.059371,6.920422,6.860996,6.967824,5.891778,6.901984,6.245675,6.533742,7.098401,5.712472,5.167681,7.318849,6.927255,6.806977,6.723882,6.043694,6.899899,7.119228,5.309296,6.145906,7.04182,6.23455,6.126345,6.670851,7.02569,6.108502,7.235234,6.988745,7.426347,6.601132,6.940557,6.677,6.82579,6.392154,6.385618,5.83356,6.636956,6.671602,7.242467,5.667536,5.421897,7.382446,5.786938,6.008569,6.729822,7.551343,6.803216,6.349697,8.298832,7.31169,6.664211,6.657482,6.160469,6.426666,6.737864,5.903972,5.997095,6.400745,6.191712,7.307835,6.316905,5.950293,5.8599,5.828898,6.710705,6.373408,5.733449,5.457311,8.335415,6.145407,5.890873,7.419223,7.516712,7.716244,6.607932,7.268722,8.060749,7.960058,6.149936,6.184309,5.110919,5.814575,4.914481,5.676736,6.237089,6.761835,6.177847,7.070847,7.008123,6.777529,6.716121,6.102496,6.278747,6.500077,5.748207,6.971301,6.477914,6.881064,5.704002,6.536892,6.138992,6.292001,6.822045,6.035033,6.700209,7.23055,8.398922,5.873284,7.981304,6.368505,7.14551,6.692297,5.956056,7.113379,6.187508,6.998065,6.120269,6.42261,7.51914,7.863109,7.538804,8.027943,7.831867,7.814304,6.760968,7.459109,7.505501,7.317331,7.61122,6.432867,7.61921,6.882119,6.492354,8.20773,8.133292,7.576209,7.755544,7.499814,7.615738,7.648306,8.025272,6.966512,6.541531,7.184369,6.475231,6.488029,7.66851,6.222529,7.830728,6.404015,7.005349,7.842029,8.043715,6.932979,7.057068,8.367766,7.277373,7.437343,6.438275,7.95137,7.163051,8.342724,7.383137,7.449029,7.173251,6.910129,6.998241,6.289975,7.198219,7.165504,7.590988,6.315004,6.644903,6.701337
DACH1,3.162899,2.98211,3.440099,3.633194,4.065197,3.800146,3.321504,3.298429,3.525036,3.54886,3.44914,3.402639,3.617083,3.688012,3.058806,3.658581,3.739946,3.020796,3.510029,3.513304,3.853365,3.365672,3.53468,3.340269,3.344,3.381825,2.921157,3.00105,3.311185,3.322787,3.350246,3.331315,3.649974,3.627873,3.327809,3.507692,3.771369,3.345867,3.198865,3.700012,3.541273,3.123,3.511909,3.49238,3.317306,3.561994,3.6058,3.639804,3.626715,3.51179,3.497714,3.73113,3.621863,3.678301,3.244328,3.329508,3.542715,3.47882,3.008053,3.509406,3.987439,3.332699,3.686744,3.599468,3.373719,3.660173,3.450833,3.579059,3.375055,3.474314,3.377644,3.488495,3.454217,3.56617,3.302734,3.274543,3.403061,3.151986,3.223701,3.206359,3.179249,3.541543,3.404679,3.704299,3.479562,3.420097,3.314106,3.514796,3.49902,3.434093,3.352112,3.458301,3.434098,3.344399,3.218526,3.286492,3.593079,3.647066,3.583206,3.880076,3.48599,3.450248,3.609059,3.498297,3.396007,3.320817,3.424398,3.315315,3.396168,3.3473,3.389782,3.400719,2.871392,3.639016,3.830309,3.294168,3.561563,3.177258,3.327903,3.103618,3.267977,3.255239,3.031909,3.441515,3.291066,3.449085,3.444393,3.32565,3.385197,4.257868,3.355628,3.560652,3.571567,3.332426,3.355162,3.416325,3.517047,3.187886,3.598448,3.235144,3.317596,3.588215,3.148389,3.337256,3.670999,3.354835,3.40426,3.655061,3.505015,3.33978,3.448758,3.451184,3.315706,3.162501,3.737639,3.190495,3.60083,3.420044,2.928727,3.695978,3.546052,3.6343,4.706192,3.465831,3.767104,3.879873,3.611542,3.702904,3.085578,3.819633,3.485594,3.539616,3.617524,3.1174,3.307549,3.376118,3.397081,3.853603,3.842222,3.812284,3.441655,3.594706,3.401141,3.723665,3.987036,3.633064,3.815002,3.821218,3.880746,3.502066,4.156977,3.77794,4.264476,3.51868,4.033904,3.752397,4.067527,4.283425,4.046535,3.632393,3.803198,3.926928,3.805605,3.697,3.934922,4.118672,3.865887,3.780171,4.307059,3.370452,4.472653,3.766437,4.03616,4.682907,3.972613,3.517712,3.675112,3.517645,3.750393,3.948382,4.499757
DUSP1,7.37695,8.582842,7.890943,8.239954,7.953184,7.030341,7.633062,6.952587,9.508254,7.227509,7.859841,9.747783,8.568528,6.83814,9.474701,7.857881,8.17056,8.271569,8.480432,8.224568,6.351998,7.846305,7.417817,7.878808,8.386662,8.647505,7.78431,7.797037,7.522133,7.737939,8.094228,8.650852,9.410049,9.745605,9.825212,8.829906,10.00847,9.486819,9.086362,9.163527,8.679039,7.995757,9.844636,8.316738,8.74314,9.383569,9.33404,9.463859,9.077206,9.352736,9.258954,9.280658,8.389741,9.264798,7.686288,9.701629,9.575597,8.773849,8.704498,8.518997,7.690073,9.169249,7.55468,8.92004,8.687627,8.667641,7.95571,8.140951,8.565345,8.695999,8.619594,9.266724,9.365732,10.01476,9.969786,7.54047,7.69625,7.835958,8.372904,8.291146,10.15294,8.856031,8.5167,9.837207,9.441853,9.83786,9.430434,8.646578,8.854407,8.749955,8.279752,9.755089,8.021288,8.430113,8.006178,8.282358,8.170792,9.330633,9.018137,8.680857,8.410434,7.661375,9.135904,7.585024,8.859399,7.931407,8.022824,8.251066,7.280216,7.655572,8.204446,8.061483,7.658184,9.353532,8.350822,8.100849,8.57653,7.881416,9.17582,8.110417,9.776796,8.122118,9.997778,8.562992,8.143554,8.403084,8.338911,8.103488,7.936854,5.753492,7.218958,8.246712,8.287103,8.380462,9.303389,8.635439,8.17615,7.530458,7.633284,8.31707,8.582331,9.090021,8.541395,9.139495,8.30323,7.750998,7.723301,9.587428,8.929239,8.357603,7.593191,8.387495,7.888103,8.240643,8.310658,9.037776,8.511763,6.866559,8.046595,9.112555,8.37262,7.713419,8.885897,8.594178,9.409817,9.421406,8.875116,9.522223,7.869617,9.052308,8.761792,9.65079,7.760091,9.304689,8.350416,8.116363,8.381043,9.914131,8.89998,9.153536,8.948519,9.509561,9.440324,8.668728,8.728642,9.16873,9.033461,8.717274,9.169298,8.462492,8.779568,8.323714,9.138052,10.08385,8.561694,10.01914,8.152244,8.169259,8.914671,8.35967,8.296168,8.798603,8.511889,8.576157,9.140094,8.636765,8.543707,8.850254,8.38458,8.556645,8.722605,8.535269,7.915909,8.289399,7.848437,9.553626,9.336706,8.744254,6.806171,8.359703,7.347302
EPCAM,7.0664055,9.0985055,7.730421,8.35896,8.340218,7.8873805,8.488095,8.324067,9.066066,8.119171,8.2639845,7.6706375,7.8725825,7.137544,8.233649,7.8522825,8.0424865,8.892847,8.2216295,7.683882,7.453721,8.2172305,7.92966,8.7648495,8.4845085,8.6201165,8.749635,8.6702045,8.396206,7.840282,8.3224665,8.387924,7.4278125,7.2159815,8.326932,8.098752,6.3276145,7.958091,8.004705,6.3636685,8.064706,8.0911135,7.927697,7.3807865,7.8620355,8.1704435,7.847219,8.291525,7.549432,7.591031,6.8768825,7.1922105,7.648765,7.9315825,8.178389,8.2341685,7.764724,7.498334,8.4467505,8.138424,7.611966,8.1888295,7.575332,7.494916,8.2839665,7.158973,7.40625,7.3744805,7.147883,7.365922,7.837466,8.049492,8.039833,7.8783845,8.0457925,7.7679425,7.872203,8.4467925,8.2939405,8.3835775,8.1239365,8.1596305,8.0237655,7.5948645,7.9774605,7.4424505,7.830594,7.3719055,8.325857,7.5587115,8.0426805,7.34185,7.7323805,7.8694395,8.3257155,8.1533885,8.099698,7.4032045,6.7491955,7.3208845,7.4785335,7.9703545,6.585195,7.4630505,8.0278485,7.952013,7.8793975,8.0216145,7.939434,7.3772135,8.2425365,8.0790975,8.231675,6.746605,7.098182,7.843891,8.2409035,7.8562895,8.111967,8.2503835,7.7267715,7.882056,8.391972,8.5240105,8.0146585,7.545777,7.4748955,7.2479225,7.862103,5.1211305,8.0075645,7.007319,7.254791,7.970628,7.659846,7.158413,7.829685,7.6621195,7.134381,7.7825285,7.7613615,6.9218455,7.9844775,7.5658865,7.4987945,6.91064,7.637274,7.171855,8.184461,6.946187,7.694782,7.916772,8.0907165,8.140722,7.4104345,8.0004255,7.3946465,7.647265,8.3757835,6.281826,7.78619,7.3379945,5.883077,7.041101,6.6736395,7.1618615,7.5402305,7.3511295,8.143176,7.384962,7.363425,7.33328,7.1452415,7.594357,7.688437,7.4897065,6.997465,7.0398485,6.5890285,6.671186,6.9570105,6.5342975,6.856227,7.6926315,6.984302,7.5152545,6.6600815,6.81293,6.6218775,6.8339845,6.6840585,6.2872705,6.679849,7.0631795,6.514002,7.111275,6.522854,6.114489,6.7513925,7.110941,6.8712125,6.7512195,7.5698515,7.2835975,7.394341,7.070587,7.3251515,7.4931435,6.3117065,6.9907205,6.8050155,6.974517,6.933787,6.35826,7.113721,7.185186,7.069337,7.6840165,6.636099,7.133474,5.659619
EPX,4.04147,3.281311,4.130559,3.289111,3.572762,3.876403,3.329358,3.82568,3.164205,3.744069,3.477432,3.452645,3.456276,3.838159,3.782094,4.134812,4.011533,3.378961,3.696022,3.742191,3.981362,3.216168,3.773977,3.390906,3.374327,3.67037,3.264817,3.666208,3.482678,3.572003,3.495384,3.162254,3.493697,3.507531,3.537994,3.183157,3.179519,3.270143,3.47809,3.74751,3.552201,3.340302,3.98002,3.555236,3.328952,3.925032,3.683341,3.258062,3.44107,3.994717,3.611995,3.581641,3.562181,3.247664,3.497458,3.375591,3.617364,3.580149,3.15349,3.298871,3.875767,3.513026,3.506943,4.042941,3.273845,3.930008,3.939345,3.637785,3.738334,3.38911,3.703271,3.554265,3.469124,3.52503,3.545083,3.397504,3.33224,3.505178,3.465565,3.212823,3.262684,3.31478,3.570189,3.981595,3.417322,3.246391,3.179603,3.584207,3.363375,3.879868,3.456166,3.932158,3.889462,3.989167,3.563886,3.572589,3.700674,3.505448,3.851754,3.940599,4.06871,3.633397,4.297265,3.565753,3.54659,3.737676,3.736089,3.597289,3.579561,3.790206,3.561929,3.225856,3.513463,3.579775,3.885531,3.876175,3.199502,3.597392,3.527048,3.506621,3.619658,3.353939,3.397176,3.223146,3.656919,3.583246,3.990796,4.15712,3.810609,4.577308,3.507285,4.322817,3.883286,3.454797,3.873497,3.710343,3.376936,4.028115,3.942067,3.46464,3.648745,3.997622,3.801342,3.618844,3.741871,4.094302,3.920262,4.170279,3.574145,3.423426,3.754987,3.62211,3.790315,3.411599,4.068344,3.46656,3.874418,3.65806,3.245777,3.829019,3.475755,4.033735,4.703864,3.16361,3.571767,3.033333,3.223914,2.857995,3.134982,3.507903,3.558229,3.492936,3.496287,3.356901,3.334625,3.686992,3.680532,3.463655,3.508561,3.833916,3.920814,4.161023,4.079574,3.642218,4.131831,3.978748,3.789097,4.024606,3.736097,3.880701,4.426034,4.213506,4.046078,3.338005,4.093833,3.833522,4.158204,4.149159,4.044444,3.573353,4.010426,3.743814,3.773332,3.7137,3.729952,3.496726,4.069579,3.501724,4.005971,3.698934,4.121091,3.628554,3.772265,4.121021,3.786129,3.677524,3.601239,3.771523,3.759923,3.70086,3.939558
FCGR2A,2.89922,3.660749,2.858503,2.115924,2.905426,3.967264,3.044263,2.415893,1.853367,2.224731,1.886757,3.53863,3.38066,3.186219,2.311542,3.800522,2.474777,1.712127,2.159266,2.577374,2.575783,2.383903,2.698565,3.481662,4.473288,2.195461,2.363513,1.646873,2.508446,2.219197,2.755984,3.307981,6.198483,3.967132,2.498901,4.601986,4.20058,3.300357,2.458203,2.828274,2.433046,2.275349,3.245974,2.936989,4.151624,2.488677,2.795107,2.231671,3.860496,1.915094,2.893869,2.543631,2.424675,4.22937,3.440097,3.396371,2.565871,2.293002,3.118644,2.869919,3.010492,4.588633,3.210748,2.366692,2.553809,2.639524,2.718396,2.308901,2.832312,2.395605,2.08002,4.789842,2.718698,2.097735,2.817398,2.867422,2.335859,1.8181,1.580754,2.103965,4.488093,2.378414,2.924512,1.766435,2.980227,3.152297,1.482702,1.552787,2.558907,2.306543,2.769707,2.505786,2.108779,2.048166,2.218426,2.226784,2.169847,2.91235,2.115545,2.929013,2.409253,1.737889,2.835743,2.292978,2.975792,2.579302,2.172052,1.823657,2.450624,2.324662,2.918729,2.670117,2.03627,3.418073,2.418371,2.269105,2.465427,2.067653,2.092472,2.283465,5.627916,2.666945,2.500146,2.045007,2.288946,1.791327,3.483625,2.358409,2.097737,3.401262,2.71237,2.784823,3.57885,2.680002,3.205183,2.016098,3.715735,1.837564,3.544824,1.792625,2.025913,2.085186,2.072865,2.591884,2.441994,1.881799,2.306781,2.42602,3.718618,2.615646,4.146304,2.764359,2.670305,3.584874,1.761547,2.484661,2.622488,1.755567,1.750566,3.14341,2.190601,2.263877,3.804182,3.913776,2.709734,3.988685,2.545164,3.986533,5.011946,3.134051,3.794968,3.159057,2.97927,2.672556,2.560578,2.519848,1.986919,2.841296,2.390485,3.634917,2.36299,4.013431,5.280998,3.569703,1.927363,3.258191,3.142598,3.0803,4.594205,3.076432,2.571893,2.955911,2.6975,2.372398,3.916581,3.635057,3.419516,3.357384,3.39289,2.818679,3.489261,3.646468,3.631261,3.046832,5.693687,2.846972,3.420487,4.193742,5.990061,3.285471,5.535131,3.140244,4.336699,4.204416,2.483324,3.338281,3.612166,3.39593,5.161797,4.395769,3.206597
FCGR3A,4.338523,4.509917,3.752069,3.304002,3.873235,4.850658,3.690543,3.355219,3.126327,3.884446,3.292367,3.983276,4.033641,4.541386,3.518119,4.238555,4.119599,3.510865,2.942099,3.338465,4.364009,3.31789,3.904702,3.808412,3.878896,3.579708,3.169087,3.658395,3.495899,3.520707,3.214454,4.769866,6.42226,4.823115,3.718399,5.274212,5.083532,4.287722,3.394823,4.296494,3.682489,4.058234,4.811256,4.850945,5.298908,3.760643,3.526099,3.494569,5.263521,4.052805,5.557411,3.986117,3.720875,4.371216,4.363451,4.632734,3.933594,4.010581,4.049825,4.262729,4.075915,5.271389,3.945592,3.629263,3.438273,4.04529,3.563811,3.769832,4.361029,3.911885,4.666839,5.84505,3.597491,3.758437,3.716137,3.725052,3.310391,3.574456,3.802106,3.36178,4.8093,3.467573,4.023758,3.396138,4.167338,4.049552,2.956772,3.538432,3.583014,3.731109,3.889797,4.233883,3.445606,3.758285,3.243336,3.142211,3.465824,3.988056,3.08308,3.492382,3.6017,3.403112,4.109337,4.007309,3.639293,3.390309,3.481517,3.198649,4.523955,3.780726,3.673478,4.184774,3.311138,3.910479,4.424521,4.173658,3.707357,3.34713,3.244271,3.530857,6.73919,3.881843,3.490022,3.547029,3.554285,3.293573,4.984214,4.204296,3.578837,4.559003,3.593516,3.728968,5.183524,3.77389,4.939448,3.799402,4.555777,3.885716,5.277093,3.380219,3.360212,3.9788,3.508785,3.562461,4.154118,3.782554,3.761293,4.124097,4.881525,3.293573,4.84119,4.08323,3.819074,4.544908,3.677704,3.62565,3.560769,3.256525,3.180992,4.82104,3.629356,4.089226,4.468485,4.129594,3.789445,4.181786,3.73776,4.104077,5.284563,3.232214,5.019778,4.028404,3.767149,3.305079,4.068331,3.364295,4.25567,3.459756,3.947634,4.241159,3.776927,4.490534,5.124088,4.015204,4.04565,3.679989,3.765936,3.70287,4.457207,4.535403,3.888632,3.676027,4.140625,3.617328,4.171595,3.842131,4.190912,3.470834,3.504631,4.092433,4.25211,3.52305,5.06906,3.668979,4.40477,3.369218,4.672649,4.750668,5.241265,3.868299,5.941085,3.860453,3.452994,4.137319,3.581747,4.142802,3.907623,3.702088,5.470172,4.201024,4.675095
GPX1,6.716691,6.33801,6.5023975,6.051813,6.614283,6.833056,6.153408,6.0541635,6.418223,6.8043645,6.7231375,6.505535,6.679093,6.7162975,6.72704,6.677157,6.9385985,6.920758,6.700865,6.9694685,6.8696645,6.659084,6.7444615,6.4594585,6.6552495,6.530722,6.5640705,7.0174845,6.65313,7.0232245,6.523301,7.354549,7.846504,7.284989,7.4638185,7.12635,7.138859,7.4122445,7.6893385,7.539486,7.3712445,7.561925,7.132145,7.3167915,7.232198,7.299866,7.4238745,7.537821,7.3379455,7.498951,7.561668,7.4209765,7.1869955,7.4656055,7.5509815,7.3679675,7.0983105,7.5441955,7.235513,7.32064,7.1383105,7.5666445,7.3825655,7.352816,7.29309,7.223729,7.5976485,7.1838495,7.2931925,7.288767,7.1746285,7.287897,7.2302105,7.579553,7.3032915,7.1840245,7.261163,7.6574545,7.4823945,7.552434,7.337164,7.1110025,7.779415,7.096668,7.308588,7.0867195,7.8378365,7.512417,7.252415,7.2296295,7.4927005,7.485219,7.4183925,7.6136495,7.697939,7.3654595,7.1407355,7.0818495,7.2172605,7.052381,7.494,7.441533,7.1090005,7.299986,7.4934975,7.792008,7.605043,7.79988,7.283064,7.612083,7.5439185,7.222182,7.861862,7.236612,7.1748065,7.6380165,7.428128,7.7822205,7.459048,7.073422,6.9102685,6.735909,6.8639385,7.1972035,7.206088,6.983304,7.116098,6.7882425,7.2688395,6.872544,7.4497285,7.195451,7.2183595,6.8772655,6.873477,6.853126,7.0899005,7.095483,7.019082,7.568139,7.4469215,7.135184,7.690975,7.354608,7.3980825,7.1108545,6.9385875,6.9481575,7.234549,6.811466,6.9770825,7.43247,7.6194025,7.4049685,7.276276,7.3943265,6.908804,7.028099,7.1912625,6.8932695,7.0975785,7.280431,6.6008685,7.489244,7.4932845,7.1060205,7.3487085,6.8435325,7.524937,6.890154,7.1827055,7.5875725,7.560884,7.675919,7.356091,7.2935985,7.7768465,7.4172235,6.945103,7.088792,7.855885,7.14211,7.2549445,7.4917635,7.9280655,7.2881285,7.4354415,7.3186785,7.2262205,7.28449,7.3260695,7.5128235,7.364417,7.692403,7.159568,7.451887,7.0652855,6.9778885,7.272575,7.08611,6.8160445,7.054344,6.896433,7.4574635,7.2321125,7.15148,7.062858,7.4633175,7.0927605,7.501135,7.364893,7.12759,7.0686185,7.1029075,7.008436,7.509472,7.15818,7.42913,7.527886,7.3896985,6.573928
HDAC2,6.933442,7.35646,6.456487,7.19795,6.860796,6.931201,7.382768,6.839297,7.137861,6.776965,7.301494,7.104272,6.99592,6.444132,7.099619,6.790447,6.572802,7.173246,6.946461,6.331333,5.784639,7.30136,6.411776,7.217906,7.13752,7.236682,7.39473,6.64019,6.86928,6.525558,7.051774,7.044003,6.426389,6.219072,6.907386,6.701513,6.660572,6.85541,6.632516,6.516828,6.47391,6.691591,5.918177,6.199804,6.647986,6.363351,6.199388,6.909476,6.148356,6.365469,6.032598,6.342835,6.64481,6.621151,6.713215,6.930884,6.174531,6.404178,6.753511,6.50974,7.184722,6.483983,6.618796,6.408033,6.914919,6.135502,6.489747,6.469703,6.245627,6.323494,5.795089,6.533675,6.61622,6.472932,6.438991,6.613455,6.432709,6.964391,7.107208,7.097733,7.035384,6.77922,6.539397,6.226652,6.407751,6.34415,7.201555,6.38334,6.846292,6.358932,6.510901,6.257593,6.293298,6.372875,6.693271,6.622509,5.982009,6.413379,5.743608,5.842948,6.239793,6.083577,5.110557,6.067513,6.59523,6.840874,6.547846,6.984509,5.891844,6.359051,6.925844,6.401093,7.160275,6.28516,6.194498,6.567224,6.674114,7.106757,6.71723,6.269883,6.313845,6.431918,6.445506,6.659333,6.120251,6.653596,6.351159,5.984182,6.521884,5.349748,6.747773,5.738897,6.499665,6.35561,6.378901,5.987771,6.555414,6.481781,5.881039,6.859619,6.854953,5.942947,6.701926,6.317061,6.390962,5.745044,5.913949,5.937669,6.889047,6.675466,5.919632,6.417195,6.521592,6.405984,5.867589,6.559795,6.41512,6.11043,6.783854,5.874169,6.312924,6.457297,5.404329,7.082513,6.156012,6.412445,6.466859,6.356137,6.868814,6.564765,6.340103,6.325386,5.899625,6.262377,6.412699,6.52384,6.554098,5.878541,5.929289,5.765008,5.929842,5.795657,5.827594,6.350483,5.970388,6.358245,6.119505,5.918599,6.193613,6.125141,5.690186,5.708425,6.145551,6.523566,6.161455,6.09655,6.006673,5.938818,6.113533,5.951313,5.725695,6.067794,6.129782,6.382961,6.173066,6.476976,5.96234,6.207946,6.061305,6.307492,5.982738,6.146324,5.90163,6.120981,6.170594,6.322549,6.097263,6.227581,6.063911,6.189682,5.943085
HMOX1,4.626843,4.38421,4.588864,4.524471,4.508902,4.625478,4.33629,4.140993,4.179012,4.591139,4.571538,4.142566,4.647958,4.406564,4.332188,5.100152,4.488248,4.251882,4.404342,4.619497,4.610777,5.220587,4.431627,4.513319,4.452751,4.336946,4.525859,4.748571,4.401576,4.352471,4.534874,4.716247,4.929506,4.575244,4.491498,4.228257,4.641815,4.258674,4.498972,4.467933,4.405281,4.485136,4.869234,4.732471,4.47183,4.563782,4.486809,4.432238,4.552226,4.684528,4.588754,4.447446,4.652242,4.376487,4.599705,4.303141,4.588225,4.458689,4.335688,4.710845,4.804001,4.756099,4.5503,4.552534,4.287073,4.495879,4.533506,4.335441,4.614898,4.445562,4.576233,4.7544,4.093898,4.387783,4.684951,4.26482,4.163246,4.593596,4.561957,4.505454,4.668743,4.264859,5.090899,4.615151,4.598711,4.673066,4.88257,4.555886,4.397025,4.482955,4.396164,4.833956,4.81474,4.911409,5.187629,5.681769,4.530617,4.528178,4.277689,4.539055,4.4379,4.549349,4.749819,4.611103,4.678644,5.324454,4.768353,4.644624,4.673724,4.707806,4.809608,4.885688,4.705861,4.692846,4.695607,4.612044,4.485159,4.703048,4.391634,4.774185,5.507546,4.341122,4.225673,4.190427,4.363676,4.524752,5.023779,4.670835,4.462314,5.150033,4.81331,4.789924,5.115589,4.428625,4.745573,4.771582,4.923219,4.856057,4.725173,4.61705,4.766073,5.174594,4.826704,4.557131,5.128901,4.603772,4.793858,4.875187,4.481448,4.232966,4.449005,4.43711,4.916368,4.730468,4.53053,4.559273,4.340425,4.492168,4.437266,4.973817,4.403269,4.741712,5.381779,5.129362,5.038681,4.525894,4.597522,4.798068,5.123684,4.81357,4.986803,4.915,4.939505,4.531674,4.87569,4.525124,5.21503,5.090827,4.689342,4.861978,5.559221,5.027926,5.314172,5.56619,5.404378,5.751871,5.098207,4.761947,4.859048,4.679612,4.847336,4.825014,4.742866,5.093622,4.823463,4.537071,4.610981,4.839685,4.770298,5.067204,4.822054,4.769707,4.984804,4.615796,5.112525,4.115688,5.016106,5.171701,5.349183,4.848306,5.163683,4.673062,5.081737,5.08786,4.212032,4.672508,4.633554,4.643391,4.816791,4.804501,5.084881
IGKC,8.05355246153846,5.59166930769231,6.51098538461538,5.23977861538462,6.28701192307692,6.40611284615385,6.83873769230769,5.56054169230769,4.95078815384615,7.39499184615385,5.16425653846154,4.92266838461538,6.40063676923077,6.71951376923077,5.49019053846154,7.15366292307692,7.98880492307692,5.296423,6.58673892307692,6.98310438461538,7.67119707692308,6.05398692307692,7.37853261538462,5.78302461538462,5.32607361538462,6.01094023076923,5.637087,5.02826130769231,6.85440469230769,6.09126607692308,6.49939769230769,7.81644469230769,7.11424007692308,6.04015230769231,8.98194,6.56855153846154,7.28886023076923,6.51272515384615,5.52176869230769,8.34118846153846,6.72609392307692,7.88516107692308,6.78978392307692,7.67801715384615,6.830102,7.09287984615385,5.62620338461538,4.94591523076923,7.15475846153846,5.84376038461538,7.76342461538461,7.47503453846154,7.226176,8.85829561538462,8.62218153846154,8.33082753846154,8.38708730769231,8.05428384615385,5.87477030769231,7.755266,6.78524884615385,6.06457784615385,8.62520238461538,7.40574830769231,4.95746161538462,7.57535192307692,5.91842030769231,4.92282023076923,8.65761915384615,7.09845923076923,5.58266492307692,6.22747853846154,5.62104953846154,4.83485115384615,5.559062,6.942041,6.13907192307692,5.13922884615385,5.18335,5.25637361538462,5.07086992307692,5.47492269230769,7.82106238461538,7.56707961538461,7.21210915384615,5.88246661538462,6.31146184615385,6.439315,5.12945369230769,6.60513607692308,8.51427984615385,7.27384869230769,5.85561192307692,7.11010023076923,6.75374730769231,5.49762415384615,5.38532176923077,5.08516092307692,6.16597930769231,7.98658176923077,7.28670738461538,6.41515230769231,6.82682915384615,7.74802823076923,7.32898707692308,6.16307630769231,6.61127592307692,5.16562569230769,7.95808546153846,7.41985376923077,7.51219992307692,6.88761546153846,5.72629007692308,8.55423438461538,6.65798323076923,6.25872469230769,6.09472961538462,6.29221876923077,5.65219130769231,5.60832584615385,6.21577892307692,6.28586523076923,5.00774915384615,5.11103653846154,5.35604507692308,6.55973446153846,8.65109546153846,7.16891176923077,6.64112369230769,6.759459,6.44941615384615,6.305249,6.592989,5.56328261538462,8.32834346153846,6.48481361538462,6.80538338461538,6.36304530769231,6.29730876923077,5.66181,5.97284153846154,7.00675223076923,5.60874884615385,6.60546084615385,7.41828707692308,5.44356284615385,7.25978107692308,7.22292238461538,6.64946792307692,5.45296807692308,7.59015446153846,6.90826453846154,5.72455638461538,5.165889,6.97649015384615,5.39582953846154,7.17756253846154,5.80216553846154,6.308745,5.45307446153846,6.83782746153846,5.57164276923077,8.15511023076923,4.96749015384615,6.40042569230769,7.57901546153846,5.08103123076923,6.80250853846154,6.58435076923077,7.33082607692308,8.51379623076923,7.76266776923077,7.86187376923077,5.48108630769231,7.33242292307692,5.53568538461538,4.93221515384615,6.79701469230769,7.07844730769231,6.69682792307692,6.82287661538462,6.09398053846154,7.27954992307692,8.39442915384615,6.89654076923077,7.32093553846154,6.89863469230769,6.46606523076923,8.59343123076923,7.78415530769231,6.35890407692308,7.66880907692308,8.13434984615385,6.27714423076923,8.97515607692308,6.425741,8.07099146153846,7.86533361538462,6.70501438461538,6.25795938461538,7.82013361538462,7.30487130769231,7.01566984615385,7.31554369230769,5.64334146153846,7.13018953846154,8.12002669230769,7.92193584615385,6.78211107692308,7.86306976923077,6.82203046153846,7.31221546153846,7.84037323076923,7.03958384615385,7.96277069230769,7.26142330769231,7.78804553846154,6.13699738461538,8.32220192307692,6.99056838461538,6.55061561538462
IL13,3.724566,3.32071,3.917141,3.24433,3.758024,3.848001,3.141983,3.269584,3.326334,3.329401,3.343337,3.600674,3.343741,3.737674,3.487291,3.148488,3.361041,2.972835,3.657917,3.503173,3.44686,3.028332,3.733198,3.411509,3.617239,3.498262,2.981423,3.438595,3.322476,3.882914,3.346636,3.05185,3.040762,3.319256,2.935653,2.691822,3.038544,3.124482,2.960533,3.091157,3.626709,3.308294,3.595801,2.872931,2.635115,3.523332,3.28227,2.932394,3.390431,3.386197,3.754146,3.313086,2.894496,3.285195,3.298564,2.78792,3.166354,3.474959,3.263109,3.156391,4.129303,3.408795,2.980071,3.393216,3.040945,3.901726,3.560155,3.22646,3.598638,3.206799,3.616242,3.307893,3.379938,3.285725,3.568244,3.194174,3.369875,3.20404,3.337152,3.28885,3.036183,3.08482,3.110309,2.958977,3.661438,3.334677,3.020948,3.027682,3.096814,3.200811,3.19674,3.618695,3.331194,3.374751,3.734301,3.321824,3.356647,3.404689,3.690194,3.94771,3.75862,3.523945,3.682393,3.743617,3.494823,3.045594,3.754729,3.291872,2.90844,3.350158,3.327946,3.481727,3.167752,3.373175,3.251437,3.467549,3.662397,3.653367,3.372634,3.185993,3.462347,3.27632,2.920417,3.145061,3.877474,3.296342,3.192188,3.541645,3.706198,4.018908,3.158694,3.57506,3.350465,3.247267,3.419105,3.769485,3.090539,3.743575,3.685592,3.585561,3.498576,4.30214,3.62392,3.307811,3.730984,3.531763,3.560922,3.588564,3.158085,2.957297,3.851015,3.181439,3.391937,3.516483,3.65873,3.471044,3.28124,3.621975,3.401776,3.631146,3.203065,3.58984,4.158463,2.988172,3.764227,3.091662,3.309327,3.416544,3.782208,3.330306,3.560155,3.695881,3.802238,4.027009,3.318271,3.496749,3.99803,3.843878,3.694593,3.491525,3.952355,4.188585,4.044804,3.966167,4.359149,3.864858,3.501071,4.387973,4.283192,3.636906,4.319877,3.873228,3.773744,3.722214,3.586985,3.545655,3.568853,3.958908,3.71728,4.02763,4.06232,3.647173,3.694032,3.81427,3.914959,3.788295,3.440722,3.666766,3.627951,3.528971,3.55583,3.645707,4.056148,3.557886,3.691015,3.483176,3.748047,3.745892,4.163667,3.632386,3.948158
IL13RA1,6.990078,7.896935,7.191139,8.038527,6.979298,6.856431,7.539015,7.013328,7.604033,7.226019,7.081115,7.841915,7.561478,6.826242,7.373134,7.298024,7.364027,7.455449,7.148324,6.910445,6.338394,7.238767,7.16781,7.530318,7.798074,7.464933,7.428984,7.359144,7.344422,6.946537,7.804639,7.391608,6.975411,7.135545,7.436853,7.576412,7.305183,7.243593,7.148748,6.929152,7.148605,7.083617,7.083481,6.744154,7.317296,7.014517,6.834022,7.475846,7.008308,7.091004,6.929683,6.798858,7.305671,7.243423,7.214179,7.331757,6.917143,6.682054,7.278297,7.288955,6.437494,7.219151,7.075544,6.808028,7.454908,6.686508,6.760108,7.07035,6.918652,6.949841,7.195323,7.19632,7.200621,6.733898,7.428374,6.962147,6.726614,6.881031,6.911588,7.26265,7.730131,7.713103,6.861192,6.607499,7.103359,7.092991,7.221649,6.802685,7.313541,6.758568,7.11016,6.593369,6.591873,6.650205,6.952579,7.172338,6.877667,7.061941,6.16477,6.78899,6.678307,6.987442,6.245959,6.649158,7.093014,7.077659,6.810895,6.946085,6.852862,6.426879,7.167354,7.147614,7.02247,6.947333,7.111855,6.827654,7.539306,7.157179,6.915318,7.1507,7.205304,7.197208,7.462503,7.503154,6.910759,6.937624,7.205413,6.029981,6.818074,6.191553,6.970432,6.711899,6.9294,7.237856,7.192452,6.852567,7.307333,6.925986,6.52985,6.908411,6.808368,5.976998,6.911272,6.778026,6.840675,6.256217,6.587529,6.49765,7.230689,7.030692,6.900915,6.674423,6.732448,6.984087,6.623205,6.973876,6.877976,6.352225,7.462333,6.886726,7.390127,6.701915,5.372178,7.35976,6.833733,7.151348,6.894443,7.275091,7.70202,7.386765,7.381353,6.902341,6.720455,7.53198,7.167843,6.96681,6.661952,6.542571,6.673128,6.373458,6.340246,6.54813,6.651898,7.074549,5.838324,6.967441,6.748487,5.627187,6.436516,6.366669,6.334671,5.934866,6.786199,7.069362,6.542087,6.781968,6.619102,6.121957,6.238721,6.758125,6.392817,6.717311,7.022658,6.79946,7.111528,7.123606,7.157854,7.460281,6.459701,6.840766,6.744537,6.791734,6.952575,6.401461,7.320068,6.96217,6.893159,7.10538,7.195241,7.461688,7.084344
IL17A,5.564371,4.422686,4.724349,4.144304,4.192701,5.200999,4.257637,4.342542,4.06067,4.344824,4.103631,4.309151,4.656444,4.71555,4.14758,4.540667,4.315483,4.12108,4.455089,4.413177,4.715611,4.236509,4.717282,4.118312,4.345817,3.992901,4.011286,4.621134,3.948356,4.408745,4.35191,3.832318,4.542618,4.179432,4.247924,4.325305,4.26897,4.148997,4.346665,4.904479,4.577636,4.5095,4.643086,4.712457,3.932909,4.966938,4.597398,4.186369,4.858556,4.67934,4.558197,4.807949,4.473927,4.468604,4.115816,4.123603,4.801749,4.648767,4.190033,4.64402,4.834721,4.353853,4.268637,4.596231,4.318295,4.674986,4.233391,4.365857,4.670849,4.468918,4.638293,4.562932,4.2164,4.232909,4.615119,4.439958,4.162585,4.237644,4.256886,4.209227,4.208806,4.515221,4.273116,4.424405,4.583141,4.373284,4.335855,4.115039,4.421194,4.617844,4.359474,4.560832,4.733057,4.429892,4.555374,4.220299,4.711545,4.464646,4.455292,4.829381,4.446046,4.412738,5.191255,4.736345,4.635382,4.365289,4.742188,4.577816,4.584331,4.416704,4.492288,5.00822,4.481578,4.362533,4.955165,4.626532,4.120636,4.264764,4.095027,4.648331,4.777572,4.236116,4.03088,4.094175,4.251826,4.270965,4.199439,5.175628,4.319557,5.778606,4.766327,4.759928,4.678113,4.25411,4.479242,4.380506,4.314958,4.483211,5.261308,4.583078,4.164006,5.299426,4.393463,4.398468,4.29403,4.77322,4.328164,4.921539,4.402733,3.885952,4.510701,4.255513,4.422793,4.161427,4.529878,4.213794,4.48058,4.634122,4.028309,5.08947,4.15012,4.813135,5.860664,3.852454,4.534741,4.248768,4.062862,3.960992,4.197877,4.845335,4.229502,4.281796,4.457066,4.031713,3.845366,4.323092,4.021037,4.103323,4.290215,4.441649,4.449233,4.885251,4.648365,4.789436,4.84885,4.527051,4.640812,4.935369,5.044039,4.913385,4.858636,5.387753,4.612294,4.957168,4.509594,4.558201,4.627693,4.644909,5.100713,4.903689,4.533936,4.763563,4.64344,4.736553,4.356194,4.593805,4.927962,4.777201,5.565148,4.66514,4.99998,4.194255,4.859195,5.498761,4.618392,4.397102,4.300706,4.082219,4.603736,4.400474,4.65881
IL17F,4.901593,3.62958,4.164472,3.589161,3.989176,4.444524,3.865043,3.666409,3.463222,3.457868,3.489034,3.631269,3.963861,4.42981,3.608219,3.890066,3.815364,3.61941,3.833108,3.819742,4.12833,3.902322,4.06642,4.000486,3.623513,3.50168,3.530957,3.759665,3.376686,3.747509,3.792807,3.468189,3.495647,3.372159,3.505021,3.463199,3.617074,3.455326,3.518531,3.836716,3.905137,3.418736,3.575713,3.81617,3.479195,3.635921,3.667813,3.365001,3.633389,4.016764,3.886733,3.761253,3.669779,3.364774,3.261868,3.581862,3.439385,3.882445,3.455566,3.373171,3.72374,3.690685,3.626262,3.888057,3.50447,3.78921,3.911358,3.379487,3.829435,3.742672,3.846662,3.616681,3.716517,3.706437,4.11378,3.709255,3.282853,3.530952,3.689128,3.289808,3.471523,3.619169,4.029431,3.838082,3.674692,3.650335,3.437713,3.759331,3.802866,3.893547,3.608428,3.740662,4.00516,4.068316,3.562457,3.771865,3.924644,3.55008,3.974406,4.118105,3.639159,3.428748,4.064666,3.611168,3.352207,3.890382,4.112299,3.766417,4.010464,3.513587,3.789504,3.73731,3.682647,3.675557,3.679986,3.748554,3.248956,3.696168,3.618436,3.978369,3.848385,3.500896,3.577002,3.199121,3.804224,4.058464,3.881755,4.152555,3.688703,5.160164,3.544554,4.283874,4.097671,3.565935,3.584145,3.995081,3.291169,4.178873,4.455363,4.079835,3.638302,4.439637,3.437182,3.495647,4.40538,3.883935,3.85495,4.078272,3.661111,3.652024,4.100384,3.846272,3.784181,3.613448,3.683616,3.549383,3.61571,3.540735,3.372358,3.983359,3.606272,3.670843,4.563846,3.646055,3.684548,3.572584,3.417625,3.158548,3.76349,4.140531,3.456515,3.422689,4.211557,3.303351,3.674436,4.036658,3.987782,4.341821,4.032948,4.487176,4.060979,4.134513,3.809083,4.116849,4.089391,4.258342,3.729204,4.241674,3.848322,4.305715,4.104479,4.380621,3.975382,3.830045,4.205128,4.194181,3.866085,4.48058,4.254916,4.150078,4.131178,3.970157,4.173308,4.042225,3.74613,3.689276,4.179293,3.790595,4.777954,3.557347,4.309947,3.806548,3.730502,5.022742,3.778693,3.932976,3.55215,3.368366,3.952351,3.847328,3.95984
IL1B,3.191791,3.149434,2.531561,2.638665,2.50016,3.319175,2.579449,2.203761,2.770258,2.297497,2.428391,2.742674,2.910664,2.968016,2.565383,4.574744,2.814029,2.497692,2.59084,2.537306,3.095715,2.667472,3.254199,2.988828,3.334178,2.651058,2.615497,2.548008,2.405915,2.628132,2.428374,2.887965,4.636724,2.755727,2.814266,3.038179,3.240143,2.559917,2.409121,3.378487,2.649783,2.438381,3.642392,2.792704,3.071745,2.798308,3.220536,2.228226,3.172536,2.604131,3.363302,2.553693,2.28688,2.839051,2.905544,2.808952,2.844789,2.526715,2.559319,2.865831,2.524857,3.406223,2.772827,2.502306,2.194836,3.098647,2.700367,2.422274,2.545373,2.241779,2.934434,4.537133,2.375437,2.534992,3.111979,2.497375,2.450403,2.500081,2.337531,2.225254,2.899757,2.324861,2.775397,2.612672,2.687497,2.462888,2.607757,2.405192,2.382729,2.511699,2.711478,2.765579,2.800764,2.828475,2.588128,2.465634,2.352179,2.488989,2.719763,2.513772,2.602975,2.734034,2.982873,2.722724,2.769672,2.808952,2.355211,2.284979,2.978317,2.279126,2.75731,3.465946,2.480436,2.581872,2.487065,2.871065,2.518694,2.444886,2.221432,2.838473,4.595734,2.761553,2.549851,2.272828,2.779385,2.492896,2.882967,2.89771,2.504405,3.539325,2.709342,2.947192,3.111975,2.411712,2.708129,2.736291,2.498569,2.9188,3.444539,2.579746,2.549898,3.418035,2.80912,2.547767,3.297931,2.717328,2.47578,3.312756,2.846924,2.285384,3.03051,2.684322,2.877871,3.885049,2.618098,2.4602,2.530148,2.990547,2.431099,3.003381,2.351211,3.234504,3.917408,3.06921,2.445923,2.512661,2.396941,2.591148,2.997218,2.613744,3.558314,2.467644,2.596834,2.470643,2.944571,3.216004,2.760679,2.902701,2.821356,2.858207,2.817828,3.558459,4.425625,3.531627,2.693135,3.059724,2.710742,3.107826,2.811791,2.866663,2.511241,3.058386,3.232533,3.105344,2.567781,2.878708,2.554891,2.819194,2.892879,2.881539,2.727781,2.687999,3.295111,2.765393,3.886977,2.482984,2.874481,2.955187,6.506463,2.911478,3.615854,2.149139,3.382712,3.211913,2.547226,2.644751,2.495955,2.452271,2.688182,2.747343,2.707746
IL1RL1,3.07162,4.657981,3.617344,4.074291,3.383422,3.086491,3.907274,3.405244,4.389441,3.925456,3.724354,3.030908,4.224608,3.42046,2.737346,4.164141,4.282897,2.768674,3.056582,3.813432,3.376472,4.480047,3.612912,4.28134,4.110238,4.402175,3.291249,2.730855,3.973921,3.317806,4.306513,4.611814,3.499972,2.507014,3.970189,2.208216,3.983403,2.705136,2.588332,3.647443,3.018682,3.548728,3.382842,3.777937,3.771579,3.387597,2.557156,2.975596,3.248995,2.828902,3.665282,4.006104,3.625964,4.339036,3.508677,3.399843,3.279651,3.835314,3.492548,4.528187,2.889584,2.423609,3.976185,3.537013,2.883661,4.220221,2.793181,3.035386,3.997924,2.912666,2.434118,3.293026,3.636876,3.071881,3.033872,4.238715,3.306962,2.8442,3.452457,2.938108,3.392682,2.540588,2.996969,3.722514,3.68206,4.85915,3.321138,2.466898,3.126163,3.049363,3.781319,3.224201,2.956484,3.494981,3.554623,3.21433,3.148207,2.551721,3.579267,3.836994,3.283555,2.436785,3.333281,3.146005,3.076334,3.35912,3.593932,3.335521,3.151473,2.77916,4.325101,2.766012,3.303628,3.81285,3.163159,2.945602,4.095522,3.781213,4.049198,2.865703,3.525674,4.271335,3.208349,2.948629,2.427885,2.691124,3.716711,3.440113,3.32652,3.716853,3.312459,2.950666,3.354703,2.730335,3.707485,3.459975,3.497767,3.500234,3.261084,3.312785,3.107207,3.657417,3.237318,2.353368,3.976817,2.884248,2.925135,3.270616,3.18012,2.693596,3.201636,2.910566,2.990383,2.986847,3.182282,2.958622,4.164083,2.87636,3.046107,3.148868,2.378195,3.698488,4.106068,3.142328,3.326826,3.615844,2.915961,3.621419,4.35228,4.317429,3.386816,3.003685,2.787095,3.278394,3.47968,3.424804,3.363168,3.681715,3.574136,3.494098,3.34615,3.4134,3.508197,4.208295,3.097519,3.056035,3.458908,3.102937,4.653551,4.010303,3.222133,4.167243,3.886966,4.204443,3.87501,3.534122,4.121319,4.341971,4.007605,3.724114,3.717078,3.769431,3.90811,3.652363,3.072274,4.175797,4.125593,3.049672,4.420588,3.964667,3.569033,3.534776,3.195375,3.991613,4.420139,3.16142,3.910398,3.234652,4.851398,4.011444,3.922426
IL4,2.13308,1.832285,2.199975,1.690906,2.131787,2.261463,1.764887,1.969121,1.90935,2.2475,1.849738,1.771416,1.816308,2.045858,1.937592,1.841147,2.215966,1.858172,1.937767,2.247796,2.050083,2.093368,1.987823,1.990938,1.861732,1.680494,1.673737,1.835495,1.891235,2.169332,1.850443,1.694005,2.358195,2.038154,2.00458,1.940258,1.998523,1.66677,1.734134,1.869044,2.032328,1.814837,1.861732,2.14127,1.796065,1.895998,2.043204,1.824113,2.075277,2.155859,2.030215,1.765787,2.051143,1.705944,1.49198,1.662516,1.841482,1.992138,1.728844,2.073514,2.324919,1.755239,2.124275,1.928468,1.752185,1.797703,1.847673,2.076028,1.633346,1.72523,2.10452,1.689535,1.647559,1.882026,1.816965,1.675019,1.776045,1.730254,1.882665,1.734099,1.77795,1.519227,2.127744,1.967428,2.180119,1.803998,1.796861,2.026608,1.628633,2.118188,1.584587,2.163034,1.918786,1.808879,1.819284,1.862348,1.996598,1.832644,2.067003,2.117978,2.278386,1.863641,2.141136,1.798521,1.862471,1.865709,1.886581,1.678823,2.2585,1.81355,1.766093,1.796774,1.773504,1.842116,1.883959,2.071709,2.087173,2.14987,1.916546,1.825402,2.041894,1.712146,1.74999,1.745563,1.699486,1.869626,2.014224,2.023158,2.067154,3.101349,1.841147,1.867786,1.679301,1.823054,2.02991,1.890459,1.801524,2.055693,2.331464,1.920911,1.975366,2.316272,1.875248,1.867306,2.327709,2.181016,1.996531,2.296418,1.884831,2.087512,1.675316,1.847035,1.865709,2.149407,1.971644,1.885998,1.920452,1.922353,1.668758,1.90705,1.959846,1.889114,2.367573,1.869819,2.129807,2.004594,2.060669,2.118357,2.368809,1.943769,2.394695,2.231136,2.119714,2.621945,2.036002,2.142167,2.121182,1.964256,2.996208,2.838226,2.546624,2.418004,2.178144,2.237599,2.753893,2.752363,2.23748,2.037585,2.074563,2.211896,2.608982,2.686798,2.047876,2.047089,1.969161,2.052942,2.585745,2.49426,2.181157,2.162493,2.135785,2.082023,2.508532,1.971042,2.086232,2.310555,2.137028,2.11505,2.557926,2.110582,2.152661,1.947179,2.129264,2.141813,1.948269,2.016305,1.859182,1.852179,2.141185,2.120325,1.831693
IL4R,6.487825,6.332404,6.057576,6.350769,6.221267,5.895247,6.389829,6.433053,5.788022,6.345723,6.55554,6.390607,6.101412,6.412911,6.599871,6.290688,6.397532,6.194119,5.788866,6.452117,5.729788,6.366941,6.252863,5.848139,6.259428,6.305083,6.512907,6.00701,6.409984,6.400134,6.238722,6.960808,6.866879,6.665556,6.836624,6.621755,7.099758,6.420391,6.670279,6.707788,6.919296,6.893866,6.987727,7.413471,6.923898,7.168466,7.192753,6.69,6.432468,6.748593,7.382079,7.070706,6.66125,6.570971,6.978285,7.206166,6.754176,7.042907,6.657588,7.395873,7.231475,6.683911,6.965378,6.87711,6.869194,7.107143,7.266061,7.21816,6.773419,6.564452,6.37756,6.699266,6.725157,6.96519,6.357387,6.76097,6.936719,6.970752,7.377859,6.871378,6.694508,6.891925,7.221766,6.977348,6.759045,6.9573,7.041454,7.181343,6.716796,6.555718,6.9276,6.907437,6.715981,6.610404,6.671415,6.328576,6.577609,6.649054,7.444925,6.830748,6.969437,6.712405,6.930401,6.79602,6.943175,6.95656,6.668328,7.013043,6.319048,7.271419,6.840517,6.403039,6.910643,7.353461,6.419299,7.262274,6.785018,7.223525,6.58544,6.41619,6.960544,6.929938,6.93931,6.214514,6.50177,6.785691,7.09447,6.439058,6.895351,6.523415,7.013471,6.837049,7.329724,6.639217,7.042118,6.909565,6.673344,7.01005,6.372165,7.056748,6.89317,7.230281,6.741175,6.702424,7.548113,7.051809,6.623202,6.550951,6.891819,6.977459,6.520262,7.007761,7.054803,6.621074,6.760606,6.658669,6.921128,7.043424,6.343908,6.120313,6.787401,7.448502,5.598623,7.604173,7.298545,6.677862,6.67595,7.029681,6.135932,6.658842,7.112697,6.690228,6.251599,6.393429,6.626911,6.975352,7.294695,6.296023,6.635144,6.941023,6.979272,6.754645,6.951819,6.84298,7.292152,6.978415,7.096337,7.083591,6.630681,7.22286,6.723011,7.189101,7.224017,7.266884,6.876049,6.851154,7.022016,7.004707,7.062403,6.975934,6.783106,6.844068,6.329595,7.031168,6.535667,6.895023,6.808484,7.081679,6.639656,6.849519,6.635625,6.708754,6.26743,6.865673,6.957763,6.679498,7.12671,6.942558,7.119914,7.009789,7.199312
IL5,2.008499,1.591026,1.58634,1.228651,1.423894,2.168846,1.286228,1.42314,1.512815,1.694782,1.59491,1.755911,1.354357,1.321567,1.644506,1.744806,1.411263,1.496033,2.023928,1.435953,1.726302,1.638979,1.567165,1.59402,1.720701,1.590161,1.350457,1.552006,1.366663,1.326913,1.374196,1.427782,1.787075,1.538195,1.672778,1.683479,1.549576,1.950116,1.485911,2.116613,1.616226,1.735265,1.623104,1.76255,1.507683,1.703788,1.847306,1.400762,1.693515,1.683377,1.581848,2.054037,1.539714,1.386387,1.648684,1.548362,1.815445,1.952798,1.610258,1.594872,1.62314,1.536626,1.537795,1.961789,1.625473,1.9778,1.851848,1.417372,1.751461,1.431854,1.779096,1.673902,1.547498,1.764194,2.162781,1.55445,1.683479,1.477693,2.032729,1.591946,1.565409,1.505048,1.473084,1.69771,1.507488,1.670033,1.388174,1.515121,1.664051,1.519067,1.42869,1.61474,1.656886,1.762862,1.563563,1.547046,1.537803,1.833355,1.959283,1.584074,1.920007,1.812066,2.051015,1.825506,1.712312,1.465937,1.50218,1.674066,1.848672,1.604411,1.464872,1.849241,1.574359,1.477723,1.735613,1.606661,1.483542,1.481141,1.46846,2.059458,1.889229,1.514731,1.387501,1.674924,1.608062,1.639,1.485994,1.987797,1.415197,2.709485,1.77052,2.044101,1.93119,1.736454,1.817165,1.720902,1.531108,1.855925,1.759122,1.514004,1.490053,1.740916,1.500598,1.630382,1.703403,1.875646,1.590328,1.735913,1.783376,1.92534,1.86228,1.680111,1.943943,1.595993,1.897967,1.576082,1.794734,2.201762,1.480208,1.894148,1.658364,1.836942,2.123838,1.853752,2.070115,1.575733,1.684303,1.781248,1.985699,2.00404,1.871019,1.607472,1.806851,2.19351,1.639132,2.064101,1.495466,1.809174,1.680019,2.566473,2.351737,1.832142,2.014033,1.819338,1.745056,1.539679,1.958783,1.720392,2.048696,1.83516,2.236312,1.993711,1.765997,1.93464,1.535635,1.647873,1.605744,2.882766,2.193916,1.794068,1.695304,1.851958,1.820626,2.006249,1.645762,1.539419,1.610243,1.368259,2.228626,1.61768,2.828947,1.869052,1.650202,2.539878,2.193732,1.710375,1.536966,1.534508,1.7321,1.474706,1.702342
IL5RA,3.880493,7.806269,5.827393,7.05189,6.154693,4.799259,6.13026,6.375538,7.918847,6.11524,4.669526,6.794296,6.936574,4.839307,5.931743,6.127953,5.186244,7.288698,4.631446,4.9464,4.127493,4.76399,4.344685,7.707557,7.112071,6.75601,6.339719,7.10025,6.906316,5.132968,6.209736,6.237383,5.554682,5.775432,5.692849,6.842153,4.366947,6.047529,6.767756,5.348806,6.642999,6.293986,6.481457,5.070032,5.978048,5.986946,6.147063,7.585251,5.66023,5.83917,5.413428,5.264153,5.725536,5.798849,5.561431,6.363976,5.486052,5.140151,7.689639,6.310259,5.711729,7.262824,5.995348,6.09991,7.346181,4.373777,6.396061,6.861571,6.430863,6.224519,7.620969,7.103511,7.14231,7.119729,7.08263,4.73299,6.122839,5.875231,3.071397,5.474954,5.267475,7.617161,4.578789,4.097498,6.664824,6.4014,3.100524,5.015226,7.072708,4.93315,6.149601,5.166535,5.299393,4.871027,5.033706,6.841784,6.905754,6.00591,4.515599,5.197197,5.153109,5.628297,5.521543,5.125197,3.77311,4.067257,4.732826,4.428441,5.267519,3.915227,6.587599,6.015167,3.461397,4.88913,5.440782,5.088228,7.079806,5.598188,6.77625,7.198264,5.961053,7.222992,7.711781,7.620333,6.904125,4.38229,4.837641,3.608972,5.953002,3.227804,4.154805,5.594214,3.572325,6.31031,5.597814,6.267748,5.955594,4.450279,5.374778,4.359238,5.095568,3.401583,4.250797,5.283802,3.985793,4.676622,5.504201,5.410543,6.600603,5.639664,5.380274,5.457575,5.409867,6.940311,5.303778,5.97629,5.404325,5.43808,6.601785,4.487138,6.415976,4.02552,5.350027,3.91075,3.898563,6.783163,7.596794,6.892464,6.570612,6.090978,5.813671,4.114029,6.991862,7.493978,6.990232,6.430315,3.779288,6.385008,5.192697,6.340811,4.997844,5.846361,5.375358,5.738007,4.379435,4.710754,5.778856,6.074824,5.675427,6.006934,6.64936,5.269397,5.414386,4.714172,5.914926,6.724293,6.010353,5.067592,5.070245,6.299532,6.356048,6.581652,7.685879,6.110947,7.332858,6.180389,6.703738,6.554327,5.846517,5.456917,5.809582,5.718424,6.107847,5.203432,6.868202,6.51002,6.574699,6.47858,5.550648,6.599143,5.598416
IL6,2.409715,3.302553,2.748691,3.039475,2.417866,2.770623,2.582357,2.927611,2.22183,2.409864,2.242397,4.240416,2.641206,2.636231,2.880611,2.344657,2.957184,2.264705,2.762688,3.156592,2.478893,2.782602,3.608777,2.741157,2.985511,2.626567,2.675365,2.468216,2.540541,2.791133,2.936946,3.355701,2.745015,2.778164,2.890343,3.011706,4.085543,2.622307,3.632267,3.234183,2.456633,2.753463,4.376629,3.122991,3.733875,2.708505,3.256678,2.64875,2.923752,2.89284,3.03569,2.926901,3.571917,2.574026,2.73279,3.957527,3.486617,2.607622,4.387828,3.48922,2.896573,2.800242,2.830815,2.689984,2.647465,2.930973,2.801175,2.859298,3.308541,2.906881,2.485438,3.260561,3.297741,3.81234,2.928502,2.827617,2.62458,2.271762,2.544898,2.234719,2.586426,2.631199,3.041284,3.021187,2.977068,3.76355,2.523747,2.382475,2.723592,2.701966,2.898435,3.076449,2.782478,2.656412,2.71281,2.940984,2.587669,2.759301,3.015769,2.503583,3.246536,2.846947,3.240903,2.784159,3.277832,2.141571,2.482664,2.368655,3.239594,2.869168,2.729099,3.505964,2.603063,3.17002,2.991307,4.004027,2.523892,2.566248,2.470273,2.786948,4.93873,2.504925,2.175394,2.485796,2.132439,2.495349,3.099573,3.0825,2.49863,3.64766,2.970415,3.136196,3.253717,2.329718,3.421673,2.479604,2.543109,3.008079,2.737731,2.41071,2.346373,3.447487,2.22997,2.87211,3.309976,2.350075,2.445505,3.240662,2.709752,2.846292,3.500154,2.362934,2.509304,2.914445,2.378672,2.314608,3.35308,2.494417,2.579528,2.869384,2.172697,2.430155,3.459733,3.457789,3.11826,3.040998,3.319741,3.450916,2.726794,2.652692,3.741841,2.938227,2.444917,2.582185,2.861561,3.126787,2.421869,3.223588,3.741451,3.06097,2.855076,2.890808,3.332646,2.967339,3.007856,3.304749,4.32276,2.641333,3.199492,2.856154,2.782229,3.087022,3.638137,3.060803,2.919034,3.483676,3.160511,2.812366,3.724827,2.757995,2.985743,2.821872,3.019389,2.734704,2.317494,3.20088,3.741029,3.604883,4.101786,3.04389,3.211194,3.390666,3.124212,3.394651,2.507404,2.652692,3.105145,2.601085,2.913432,4.029088,2.873301
ITGAM,4.404165,4.179873,4.449775,3.871284,4.280501,4.715425,3.862064,3.891604,3.989472,4.450921,3.782951,4.073652,4.347383,4.555136,3.635938,4.983967,4.273237,3.906728,3.919861,4.279174,4.535289,3.915286,4.305498,4.447003,4.443824,4.109817,3.672545,4.106216,4.127365,4.319722,4.060318,4.046054,6.563138,4.760899,4.023393,4.745829,4.906465,4.189645,3.964452,4.506388,4.197353,4.165276,4.737636,4.255845,4.895142,4.425979,4.358528,3.907312,4.989264,4.223189,4.598027,4.378198,3.935326,4.459049,4.206748,4.12915,4.578948,4.254178,4.114336,4.230185,3.968849,5.203636,4.697013,4.505325,3.76819,4.766677,4.086907,4.148276,4.441851,4.131303,4.111712,5.061608,4.180754,4.188313,4.55173,4.209876,3.927482,3.976129,3.976457,3.909318,5.139048,3.976698,4.269169,4.237536,4.264499,4.485764,3.922436,3.977896,4.007908,4.103968,4.263601,4.708124,4.375298,4.230899,4.176926,3.929092,4.431317,4.028292,4.020148,4.410233,4.261075,3.99202,4.848917,4.631588,4.169047,4.229243,4.03405,3.995585,4.406058,4.172291,4.334673,4.513017,3.90681,4.870365,4.621072,4.630637,4.494121,4.233543,4.014224,4.367915,4.88517,4.219841,4.172722,3.949406,4.228905,4.181305,4.419867,4.601432,3.981551,4.695759,4.116215,4.686509,4.617697,4.062797,4.942234,4.269127,4.581997,4.155677,4.860212,4.221135,4.172055,4.573642,4.210968,4.24531,4.720692,4.292608,4.200227,4.83493,4.540838,3.900579,5.365142,4.214435,4.332028,4.83356,4.500916,4.019624,4.321105,4.237524,3.892516,4.543667,3.885323,4.310682,5.206505,4.580738,4.429297,4.29662,4.08356,4.265985,4.861872,4.08518,4.27035,4.295585,4.298986,4.386939,4.487847,4.659725,4.175275,4.562386,4.149692,4.088927,4.598952,5.155354,5.313035,4.882718,4.549428,4.428866,4.622061,4.78583,4.741575,4.786665,4.727256,4.704385,4.65961,4.138855,4.435711,4.09859,4.829376,4.60793,4.417044,4.229895,4.445447,4.391725,4.631847,4.635262,5.30477,4.300109,4.648163,4.63998,5.528264,4.531395,5.149784,4.270226,4.7061,5.411366,4.556179,4.399937,4.388144,4.199803,5.174316,4.668622,4.773116
JCHAIN,9.69758,7.207628,10.12094,8.272043,9.199194,8.44898,10.39324,8.688307,7.122468,9.858562,6.37962,6.018727,9.329275,9.001696,7.026924,9.736788,10.31525,6.778903,9.72628,9.904796,9.902586,8.437672,10.13033,8.256235,5.359744,8.51133,8.110658,3.228771,8.641421,8.94986,8.896246,10.24287,8.939758,7.675063,11.5696,9.146793,10.17559,9.139867,6.486151,10.63475,9.119437,10.16264,8.73291,9.386135,8.914174,9.245676,5.845523,3.550977,8.906006,6.980269,10.08984,10.09181,9.466728,11.31542,11.0166,10.83748,10.47384,9.990329,7.638843,10.0265,9.01102,7.394441,10.68321,9.8911,6.436442,9.772758,7.443525,5.858734,10.05647,8.061148,5.54495,8.627563,7.714296,4.702062,4.625118,8.881863,8.365371,5.851695,6.430727,6.084644,6.017898,6.266335,9.611365,9.233929,9.297335,7.464149,8.565366,8.040684,7.147104,8.289322,10.65234,9.06888,7.183375,9.167355,8.693555,8.021307,4.9086,5.572729,7.903724,10.59473,9.024754,9.228819,8.099944,9.494625,9.368752,8.336562,7.800112,4.641794,10.27726,9.740326,10.17017,8.323985,6.965132,11.08577,8.428659,7.708187,9.162798,9.028639,9.133415,5.441488,8.519131,7.852807,4.858219,5.323519,4.139638,8.917215,11.052,9.071608,8.69602,8.531951,8.684446,7.506987,9.080639,7.213888,10.07095,8.307922,9.322183,8.135698,5.667701,5.05331,7.181774,8.69549,6.36799,8.504666,9.726228,5.961374,9.464676,8.936874,8.796078,7.089059,10.34234,8.832614,6.443371,3.787011,9.001696,6.465152,9.345606,7.238665,8.935293,3.792735,8.79459,5.662494,8.175378,3.363808,7.44648,9.16675,4.881351,7.465996,6.897938,8.71089,9.974129,9.459059,9.327988,6.63405,9.477912,6.087379,4.830299,7.644812,8.24152,7.796804,6.967754,5.666411,7.492818,9.238262,8.202015,9.175973,7.971026,6.841709,10.10306,8.832026,4.748063,8.188424,9.412165,6.553483,9.656771,5.910737,9.774825,6.772549,4.853752,4.866398,8.416281,7.771065,7.723112,8.148207,4.687095,8.453575,9.145185,9.118584,5.991907,9.068141,7.343784,8.350011,9.668091,8.643669,9.209239,9.440384,9.403259,6.523386,9.683798,8.474524,7.229321
KLF9,6.164156,4.832644,6.150391,5.616662,5.620074,6.010762,5.702251,5.564888,4.838562,5.804407,5.281263,6.345754,5.615289,5.933457,5.746537,5.75844,5.76611,5.417085,5.673665,5.823661,6.134505,5.697619,6.064297,4.949431,5.629767,5.937275,5.414261,5.482266,5.214073,5.487773,5.485094,5.894024,5.877638,6.785623,5.6822,6.118579,6.524484,6.104228,5.970425,6.304364,6.099076,5.715543,6.217377,6.44011,5.59141,6.332099,6.521154,6.120931,6.076863,6.562309,6.244369,6.273474,5.779352,5.939955,5.456823,5.54012,6.268312,5.998457,5.553186,5.949019,5.972633,5.741857,6.02548,6.371056,5.98625,6.0767,6.120613,5.976057,6.222385,6.666312,5.739424,6.065561,5.964191,6.44659,6.229246,5.695688,5.701346,5.164598,5.084105,5.330198,6.225563,5.268645,5.865982,6.29279,5.801357,5.764028,5.296007,6.109673,5.871961,5.9397,5.618462,5.900708,5.691595,6.020837,5.795059,5.904152,5.424312,6.434536,5.994628,5.920798,6.285919,5.550903,6.227832,6.058527,5.636452,5.548275,5.979572,5.619588,5.962611,5.783783,5.76142,6.046189,5.305241,6.104503,6.548943,5.975633,5.748337,5.70479,5.429172,5.257236,5.582547,5.556564,5.908869,4.939248,5.288988,5.859199,5.591234,6.297742,6.178862,6.259953,5.727957,6.256239,5.636268,5.95215,5.77322,6.094633,5.884458,5.708289,5.968006,5.35364,5.69087,6.09761,5.874574,6.342222,5.988313,5.930969,6.162572,6.173036,5.660559,5.990269,5.761147,5.508113,5.743014,5.546556,5.703333,5.572127,6.057384,5.788743,5.568285,6.477914,6.03057,5.637297,5.561512,4.593933,5.842134,5.640774,5.556585,5.471604,4.602995,4.96932,5.12692,5.705639,5.179223,5.389014,5.094095,5.248166,5.065876,5.302279,5.86876,5.520896,5.990202,6.662587,5.634783,5.737877,5.99687,5.15452,5.537392,5.733045,5.392568,5.604502,6.407195,5.629599,6.22525,5.321252,5.983976,6.315261,5.965253,5.6183,5.864667,5.122315,5.923708,6.5898,4.97097,5.744994,6.090554,5.576562,5.560298,5.510449,5.205153,5.916397,5.556109,5.535523,6.003832,6.242094,5.295296,6.121163,5.916992,5.746467,5.901544,6.175165,5.593281
KRT5,8.938325,7.893742,8.53772,9.298904,9.070936,8.478133,9.492394,8.924084,9.361849,9.552752,10.47527,9.134712,8.725863,8.948121,9.681429,8.939873,9.411964,9.563529,9.92677,9.446139,8.063276,9.997766,8.512563,7.457276,9.768771,9.565566,9.76545,8.348124,9.444448,9.545727,9.472893,10.37185,9.840302,9.699851,10.32323,8.780334,9.79948,10.44624,10.27367,10.3705,9.815911,10.39353,9.311543,10.01498,10.0687,10.14544,9.684117,10.5677,9.174685,9.878923,10.17919,10.11437,9.621909,9.387436,10.09159,9.930904,9.671508,10.76573,9.765439,9.545859,10.23746,9.275949,10.12749,10.58312,10.27184,9.475998,9.946466,9.982651,9.044078,9.049735,6.733685,9.145131,10.04675,10.37375,7.577419,9.873181,9.709015,10.80109,10.91909,10.43958,9.803009,9.520175,10.58608,10.10939,9.55373,9.856591,11.65884,10.88157,10.0257,9.680156,9.929154,9.693578,10.0279,9.782137,10.27078,9.046844,8.558384,9.847644,9.912348,9.39209,9.706292,9.508083,9.412148,9.608928,10.4511,11.60235,10.46786,11.2543,8.719247,11.08715,10.31833,8.998354,11.6108,10.17305,8.927679,10.76213,9.907545,11.52609,10.70452,7.480886,7.998812,9.707469,9.811417,8.95068,9.498434,10.59406,9.297544,9.5854,10.75352,6.868308,9.851606,9.663864,10.57989,9.491313,9.855218,9.772583,9.84066,9.657381,8.084966,10.98614,11.16321,10.62285,11.0135,9.971538,10.38378,9.594432,9.610643,9.254474,9.592633,10.41909,8.227274,10.07223,10.65075,8.256635,9.649859,10.30141,10.02104,9.318175,10.43083,9.134496,10.27023,10.18178,7.374607,11.43146,10.87463,9.699946,9.865971,10.02887,8.879062,9.908501,10.01475,10.12241,9.009748,9.549576,9.357516,10.05341,10.84685,9.655755,9.378736,10.09599,10.39607,9.693752,9.884935,9.326469,10.6508,10.1506,10.10936,9.905645,9.627599,10.22773,9.59519,10.31362,10.20847,10.11911,9.719466,9.833384,9.515919,9.251872,10.17241,9.453133,8.795503,9.540756,7.37899,10.67172,9.175621,10.09996,9.089222,9.336487,6.478497,10.05693,7.927588,9.694633,7.994635,9.16299,9.764104,10.04807,9.867607,10.12037,10.06847,10.15172,8.959505
MARCO,4.578136,4.14344,4.823174,4.018884,4.294208,4.98059,4.329668,4.097224,4.079227,4.065042,4.130915,4.096193,4.535433,4.584249,4.495276,5.78828,4.691092,4.284285,4.373027,4.427756,4.730868,4.272644,4.557054,4.448185,4.532232,4.256739,4.226404,4.426128,4.40195,4.543141,4.307355,4.452854,5.074063,4.466149,4.279757,4.579946,4.846687,4.777601,4.640769,5.033103,4.916725,4.729339,5.562278,5.087776,4.686886,5.241161,5.498667,4.531943,5.430866,4.785128,5.218382,4.817938,4.790846,4.45429,4.686702,4.581054,5.029188,4.980333,4.532876,4.763517,4.824939,5.076345,4.922252,5.228572,4.550473,5.444761,4.887689,4.636604,5.003073,5.086805,5.306366,5.466258,4.555962,4.88401,5.264293,4.947949,4.87397,4.647897,4.659885,4.64608,4.475293,4.671623,4.539413,5.248293,4.892644,4.899115,4.449803,4.795721,4.623314,5.266982,4.957704,5.206421,5.15672,5.150732,5.001846,4.868517,5.185821,5.180605,5.549469,5.563064,5.429518,4.951292,5.798231,5.486063,4.78728,4.812646,5.07095,4.886374,4.90641,4.876198,4.956667,5.396919,4.491019,4.924509,5.48732,5.322106,4.736836,4.929666,4.740278,5.009352,5.359877,4.826523,4.461471,4.611678,5.137197,5.008695,5.207614,6.12026,5.192242,6.39948,5.077165,5.500532,5.309195,5.292866,5.088565,5.215633,4.969554,5.226578,5.669725,5.020262,4.73026,5.81986,5.118498,5.213145,5.160149,5.662161,5.325996,5.382132,5.077453,4.605961,5.412453,4.970345,4.980007,5.803145,5.386649,5.02532,5.052497,5.383003,4.766703,6.238002,4.508767,5.527111,5.85243,4.151289,4.430161,4.10819,3.987894,4.261835,4.408105,4.602062,4.260445,4.059894,4.19312,3.969842,3.975279,3.997673,4.347576,4.387041,4.258824,4.099207,4.383729,4.611141,4.609267,4.174147,4.608664,4.319702,4.22408,4.792025,4.718928,4.822552,4.990303,4.948384,4.707423,4.670485,4.577617,4.097648,4.755063,4.806501,4.752246,4.762443,4.71839,4.630735,4.510795,4.405373,4.714805,4.417001,4.628784,4.575466,5.03964,4.460544,4.507947,4.518147,4.853335,5.065242,4.546701,4.64902,4.434347,4.268951,4.609633,4.243649,4.739295
MMP12,4.700393,4.490312,1.936363,1.871957,2.488538,2.828553,1.695836,2.182524,2.322875,1.921198,1.821084,1.858366,2.055517,2.432738,1.927724,2.558746,4.430879,1.900691,1.894642,1.866269,2.368918,2.054388,2.043446,2.321803,2.325806,2.059933,1.739427,2.436734,2.528363,1.916085,1.840416,2.482662,2.427102,2.298026,2.87186,1.700965,1.694718,1.817562,1.71696,2.104182,2.205398,1.835903,2.06767,1.990428,1.86793,2.388514,2.013303,1.928939,1.973629,2.000001,2.515168,1.936359,1.744635,1.949677,2.212357,2.222095,1.766171,2.07172,1.804507,2.156034,2.350708,1.956481,2.238088,2.114181,1.739593,2.059884,1.888625,1.690077,2.206418,2.261834,2.0576,1.97908,1.540673,1.739371,2.013565,2.319896,1.813079,1.853153,2.131747,1.796535,1.945199,1.784796,2.516846,2.330602,1.935457,2.13271,1.817218,2.028113,1.78614,2.084363,1.587529,1.90642,2.049665,1.541283,1.753765,1.958862,2.105319,1.876578,2.355464,2.47668,2.073199,1.695642,2.044167,2.230466,2.102421,2.077781,1.701335,1.826649,1.649369,2.128631,1.802814,2.194901,1.914738,2.096122,2.253524,1.506355,1.776461,1.777246,1.656204,1.953896,5.754723,1.891984,1.824032,2.042186,1.99567,1.620696,2.769605,2.275807,1.861951,2.715137,2.297518,1.928344,3.295412,1.962256,1.799096,2.07026,1.881135,2.086973,2.446125,2.119348,2.337806,2.161513,1.746676,1.923068,2.424839,2.136262,1.986763,2.266909,1.93614,1.819725,2.194297,1.731878,1.815315,2.126755,1.822551,1.740967,1.975391,2.029449,1.893481,2.00643,1.913509,2.129343,2.626155,2.203414,2.203813,2.180953,1.877816,2.319116,1.944629,2.326071,2.941157,1.880092,2.496376,2.528017,2.405567,2.375066,2.334984,2.394721,2.511239,2.718948,2.439204,2.370466,3.309123,2.757207,2.345511,2.718769,2.538538,2.41932,2.944544,2.814017,2.749797,2.378706,2.272245,2.469794,2.227969,1.72221,2.222789,2.649387,2.660152,2.414335,2.145609,1.908637,2.5177,2.326071,2.285254,1.942785,2.763579,2.311808,3.821421,2.311322,3.132659,2.30849,2.31108,2.586438,2.198562,2.064826,1.886038,2.196764,3.19524,1.993664,2.613428
MMP9,3.935953,3.405555,4.142009,3.378639,3.582852,4.622557,3.278884,3.480322,3.227047,3.582332,3.145725,3.409715,3.716107,4.0839,3.409388,3.873826,3.946483,3.286331,3.736308,3.883409,4.264409,3.166759,3.760616,3.631809,3.554809,3.342849,2.732725,3.590871,3.801129,3.731981,3.460656,3.854754,4.028218,3.912199,3.684065,3.863732,4.070175,3.450614,3.58252,3.784144,3.788202,3.679743,4.304376,3.670498,3.983213,4.027509,4.37767,3.62408,4.642035,3.651617,3.969646,3.953745,3.700178,3.832664,4.719897,3.866721,4.599125,4.079578,3.97252,3.753919,3.919555,4.117978,3.765694,3.824367,3.131589,4.177038,3.796235,3.769288,4.056899,3.976394,4.177962,4.415867,3.427666,3.903293,3.388025,3.725548,3.520813,3.636673,3.439961,3.398423,3.64689,3.163249,4.012427,3.9853,3.629036,4.958583,3.489415,3.426424,3.25492,3.973652,3.659723,3.964267,4.14297,4.313558,3.913748,3.366589,3.896567,3.842847,4.131974,4.181467,4.150414,4.047637,4.844911,4.350011,3.941132,3.626941,3.947787,3.880368,4.149805,4.068278,3.718682,4.018495,3.431705,3.888599,3.740722,3.768287,3.593423,3.549386,3.34881,3.599565,4.18728,3.712435,3.506132,3.594867,3.982477,3.988008,4.277723,4.497211,3.665153,4.736787,4.067171,4.495533,4.068743,2.919803,3.995965,4.107721,3.753325,4.431321,4.59389,3.851596,3.647795,3.992597,3.914342,4.014263,4.212111,4.257666,4.182902,4.3709,3.66596,3.582732,5.272743,3.966145,3.875033,3.887977,3.939548,3.741557,4.089477,4.045647,3.346745,4.74218,3.446789,3.857235,4.378768,3.707767,3.807683,3.110236,2.992158,4.020729,3.561764,3.368133,4.047443,3.842189,4.131974,3.499237,3.889895,3.598259,3.805032,3.707299,3.643103,3.903093,3.959057,4.531212,4.286816,3.682814,4.422766,4.054214,3.871571,3.809124,3.835039,4.206164,4.054779,3.988338,4.177962,3.306273,3.829222,3.570949,3.904805,4.108262,3.832098,3.355706,4.156249,4.06125,4.178871,3.302997,4.658213,3.30083,4.4485,3.646983,5.074522,4.016072,4.901013,3.787919,3.910686,4.354605,3.91689,4.068523,3.288683,3.674133,5.219086,3.872307,4.290591
MS4A1,3.932904,3.791043,3.43732,2.69116,3.192636,3.449165,2.772808,2.613369,2.688148,4.023789,2.652205,3.095923,3.627755,3.979337,2.937498,3.697343,4.078636,2.729748,3.14863,2.896833,2.794896,2.64073,3.03558,3.528493,2.899539,2.571385,2.370829,2.978209,3.171461,2.965197,3.01963,4.586158,5.849442,4.291351,3.789324,4.619186,7.405594,3.125998,2.251794,3.07918,2.856289,2.821507,3.233537,2.806072,4.087047,2.655039,3.131027,2.611128,3.547851,3.110244,3.480977,2.732177,3.604362,3.366448,2.728232,3.550882,4.837217,4.521502,5.542907,3.128621,2.843174,4.585748,3.292204,3.409512,2.472909,2.899309,2.91334,2.406441,3.192162,2.902208,2.963495,3.265269,2.559697,2.853315,2.868497,3.166792,2.807014,2.332563,2.578315,2.443073,3.583069,2.490515,2.818604,2.817078,3.167707,2.615301,2.96208,2.965076,3.069411,3.10395,3.204452,3.044056,2.822123,2.823098,3.170829,2.515972,2.609313,2.906524,3.534674,2.967767,2.914954,3.210782,3.686065,4.152048,3.111914,2.731426,2.547249,2.752094,2.979865,2.897118,3.003385,2.611495,2.7163,2.612363,3.281493,3.369759,2.486528,2.970761,2.738977,2.941457,3.824928,3.753378,2.768106,2.776015,3.00517,2.449874,3.518666,2.990763,2.392987,3.797026,2.674617,3.366569,2.832901,2.703218,2.660502,2.958017,2.767081,3.039176,3.321327,2.619817,2.587966,2.919185,2.721271,4.265814,3.17535,3.167845,2.825519,3.095904,2.770461,3.005486,4.486671,3.001835,2.643242,2.882363,2.834092,2.569827,3.679897,2.870876,2.643711,3.178029,3.22744,2.983536,4.217872,3.619916,3.175996,4.604719,2.514016,4.537638,4.342347,3.807622,4.161105,3.128403,4.275921,3.099937,5.381595,3.867197,3.388115,3.700533,4.010852,3.509391,3.292279,3.508477,3.543548,3.30793,2.863975,3.629814,3.435771,3.753444,3.744833,4.381172,3.485539,3.847475,3.404201,3.09853,3.440391,2.993844,3.75341,3.708087,4.066474,3.812363,3.258698,3.340856,4.623001,3.223872,4.738683,3.003385,4.183979,3.983168,5.367798,3.06002,3.573309,3.563042,3.68431,3.744575,3.389873,3.522528,2.890012,2.843096,4.106333,3.639575,3.288265
MUC5B,7.289437,9.37727,8.484862,8.22014,9.432878,9.6905,7.456539,7.790571,7.797763,10.25194,6.593025,6.780722,5.635905,10.20903,7.657628,9.285536,9.698096,8.614276,10.60234,10.11329,11.44572,7.726516,11.16198,9.459316,9.525458,8.424981,7.267953,7.233521,7.291874,10.59976,9.129787,8.743161,8.505579,9.290698,9.154894,9.57606,7.456664,8.758576,10.3979,11.33965,9.969859,9.28811,9.828658,9.602177,10.21638,10.26655,9.997301,8.846825,10.30139,11.1863,9.281952,10.91006,9.791411,9.551093,8.795809,9.122021,10.81962,10.60001,9.470996,9.517609,10.01258,9.800089,10.825,10.01734,9.705482,9.182741,9.843118,9.376387,10.20196,11.39802,10.32324,9.14877,9.330527,8.500459,8.888754,8.419287,7.911342,7.251768,4.665778,6.313467,6.466576,8.825056,11.34382,11.309,9.957208,9.140767,7.340315,11.39236,8.808912,11.33969,9.103057,10.07241,10.10665,9.160213,9.939651,8.188879,7.620195,9.877909,8.229615,9.797296,10.4473,10.56069,9.506963,10.4176,11.05189,9.859271,11.62289,10.19502,11.96,10.07115,8.387049,9.392018,7.915305,9.813544,8.62278,10.59518,9.571889,7.769444,8.512282,9.141132,9.427456,9.063283,9.834361,9.782557,9.814941,11.04668,10.56627,10.38074,8.547827,10.25339,11.20475,10.60882,8.307733,10.3199,11.32464,9.767976,11.3813,10.20876,7.771164,7.474295,10.42344,9.093102,8.716334,9.77702,10.68906,9.620708,10.4737,9.336995,8.993875,7.640265,11.33258,8.824642,7.005913,8.035898,10.15156,8.07943,9.669341,7.615936,8.949952,7.397678,10.96753,6.245453,10.72483,9.052773,11.17082,10.99889,9.993557,10.32704,8.627303,8.741704,11.63023,11.64738,11.32325,9.006063,10.34763,9.573842,6.901578,9.396379,10.97678,9.476158,9.336722,10.2044,10.78376,10.36035,11.18071,11.4335,11.14225,10.93588,9.247394,9.07793,11.04691,8.510081,9.518884,7.150773,10.60549,10.77209,10.06583,10.61711,9.454967,8.110312,11.0362,11.02071,10.69329,9.690235,9.162069,10.00106,10.76236,11.63853,11.05597,10.99616,10.77315,10.83865,11.14978,10.29778,9.625938,9.382656,10.81471,10.63315,9.953523,10.33662,10.24403
MZB1,5.256515,4.153218,5.404654,3.966488,4.923667,4.794691,4.738427,4.338089,3.949025,4.95941,3.88751,4.077865,4.572548,4.786548,4.632089,4.939,5.601663,4.327981,4.779631,5.082968,5.915771,4.627317,5.485546,4.186,4.285227,4.389102,4.234251,4.27417,4.606671,4.812779,4.289546,5.725124,5.160691,4.611776,6.180951,4.454018,4.942194,4.715672,4.408805,5.797404,4.96964,5.215426,4.899483,5.36166,4.774302,5.329224,4.579185,4.302826,5.180845,4.927452,6.125325,5.475184,5.278425,5.782057,5.651108,5.438551,5.692839,6.046237,4.47041,5.539099,4.909395,4.727327,5.692016,5.309248,4.108785,5.430304,4.73047,4.356451,5.614507,4.80832,4.803624,4.665382,4.267401,4.279715,4.789725,4.596045,4.521566,4.240952,4.288527,4.162684,3.845988,4.017425,5.817437,5.190715,5.362795,4.534927,4.246658,4.470368,4.019918,5.084831,5.576262,4.923795,4.88922,5.277787,4.846768,4.551511,4.769712,4.46263,4.776739,6.111199,5.581955,5.51073,5.473234,6.304156,5.696575,4.694345,4.960365,4.537482,6.165393,5.567653,5.16735,4.756345,4.492616,5.838636,5.15865,5.260859,4.589446,4.677135,4.732618,4.917551,5.120037,4.543648,4.392057,4.314663,4.749404,4.8607,6.130537,5.678926,4.847973,5.155344,5.473909,5.295978,5.203885,4.368386,6.018069,5.054945,5.178775,5.060556,4.98712,4.506551,4.772406,5.2151,4.564517,5.361053,5.430579,4.733809,5.58014,5.127555,4.634266,4.178994,6.241442,5.276887,4.911769,4.755764,6.191211,4.431625,5.304368,5.007014,4.479605,4.636464,5.006846,4.847846,5.500916,3.87016,4.980531,4.816179,4.012439,4.30346,4.571921,5.028919,5.815403,5.588909,5.533216,4.263906,5.108016,4.697391,3.913623,4.622858,4.649942,4.767108,4.92919,4.55835,5.370365,5.190268,5.14366,5.112198,4.657265,4.941794,5.638436,4.863941,4.908652,5.042914,5.197333,4.350633,5.86869,4.161581,5.966777,4.955969,4.541017,4.696607,5.326863,4.984209,4.848928,4.89399,4.327853,4.696009,5.222299,5.641647,4.87044,4.875492,4.344969,4.97526,5.460866,4.714965,5.235942,5.019808,4.834911,4.212592,5.355365,4.960071,4.603725
NFE2L2,7.805624,8.678186,7.844876,8.370189,8.08057,7.837686,8.894466,8.418016,8.685581,8.470596,8.769132,8.659377,8.638601,7.675819,8.477613,8.066865,7.995192,8.734155,8.337692,7.961882,6.441202,9.007174,7.677629,8.690882,8.286543,8.973665,9.0338,8.406411,8.764365,8.287853,8.791592,8.405482,7.76183,7.783653,8.567513,7.817,7.965863,8.341643,8.190212,7.841542,8.016778,8.340105,7.43221,7.471574,8.17365,7.974615,7.28345,8.509007,7.775725,8.010282,7.714234,7.717923,7.786753,8.072531,8.326771,8.534106,7.693019,7.977118,8.285854,8.018319,8.456739,7.886531,8.112072,7.673297,8.328312,7.419401,7.852936,7.934998,7.689401,7.62864,7.521853,8.040518,8.12039,7.896795,7.889582,8.353848,8.283118,8.889184,9.070221,8.835016,8.440823,8.065676,8.324079,7.849829,7.738826,7.897277,9.19765,8.184697,8.546649,7.614182,8.299594,7.889088,8.344194,8.259097,8.52145,8.764178,7.588369,8.067713,7.468843,7.444937,7.566317,7.839462,6.513879,7.766823,8.416746,8.282789,8.480659,8.770412,7.612812,8.393557,8.409968,8.121078,9.024568,7.964344,7.556107,8.320716,8.127707,8.591307,8.524527,8.168496,8.01677,8.09918,8.067551,8.540253,8.256716,8.295143,7.884059,7.179058,8.437063,5.852108,8.401114,7.454565,8.146749,7.962126,7.974046,7.247808,7.67172,7.958097,7.013194,8.571121,8.798265,7.854524,8.769197,8.115207,8.182553,7.661448,7.732264,7.412321,8.151499,8.488988,7.198665,7.989313,8.408431,8.065111,7.611309,8.614795,7.914634,7.890666,8.857962,7.026649,8.111653,8.250668,5.486491,8.984405,8.133907,8.149267,8.140379,7.970146,8.513642,7.810443,7.935221,8.351432,7.570948,8.03529,8.36063,8.257968,8.509962,8.406994,7.647638,7.690014,7.639109,7.043412,7.43264,7.997149,6.937987,8.232836,7.732931,7.176714,7.15983,7.882921,6.740971,6.83029,7.347963,8.080665,7.174738,7.219002,7.275531,6.345935,7.269973,7.546438,6.68498,6.973943,7.456027,7.828981,7.358929,8.229253,7.312036,7.626706,6.891313,8.034191,6.697346,7.629714,6.709734,6.213684,7.499492,7.609483,7.55385,8.316539,7.90554,7.630262,6.846231
NFKB1,6.518992,7.00766,6.226153,7.147884,6.656784,5.818052,7.341028,6.906598,6.702826,6.688812,7.176486,7.106008,6.464066,6.467904,7.055046,6.706082,6.746258,6.737401,6.834187,6.562799,5.67609,6.971853,6.251149,6.596035,6.803828,6.987316,7.344788,6.314014,6.907331,6.36502,7.122106,7.252186,6.85948,6.99277,7.523916,6.942346,7.074099,7.158002,7.030191,7.114443,6.722452,7.133685,6.433013,6.848297,7.171272,6.647447,6.661594,7.241156,6.312424,6.649344,6.714313,6.829896,6.834043,6.864514,7.095931,7.353108,6.498948,6.861753,6.872814,6.877161,7.102574,6.780205,6.981213,6.805096,6.960735,6.365633,6.741391,6.764337,6.576001,6.41344,6.3302,6.872765,6.725566,6.958489,6.331947,6.866857,6.854681,7.150706,7.407252,7.059998,7.249037,6.751266,7.048114,6.545623,6.623557,6.786789,7.691302,6.881595,7.100049,6.680723,7.056029,6.737786,6.859349,6.400381,6.691061,6.634232,6.219115,6.547662,6.410196,6.226829,6.351161,6.672205,5.738039,6.392367,7.118601,7.30608,6.765074,7.308277,6.471178,7.005615,7.098107,6.66596,7.436646,6.983957,6.204023,6.612167,6.797896,7.314333,6.826024,6.539493,7.156988,6.960786,7.014359,6.601027,6.408169,6.95027,6.855657,5.634311,6.794297,5.324229,6.988986,6.027236,7.037925,6.746582,6.938986,6.385532,7.029374,6.645216,5.715027,6.987982,7.197809,6.284464,7.081853,6.961511,6.844021,6.41546,6.331985,6.313294,7.048442,7.290927,6.256898,6.768988,7.067372,6.698728,6.547812,6.881566,6.680717,6.371666,7.034872,5.888694,6.866158,7.175437,5.001622,7.717881,6.904778,7.027923,6.714986,6.977059,6.857876,6.508088,6.918482,6.90027,6.445809,6.426008,6.758724,6.782819,6.927638,6.701223,6.564943,6.499174,6.800511,6.006855,6.528943,6.644775,6.627425,6.497029,6.704191,6.645569,6.842439,6.604198,6.120901,6.224976,6.831237,6.795868,6.490255,6.741063,6.342363,5.766252,6.579743,6.658695,6.30106,6.503796,6.135486,6.58071,6.335487,6.848043,6.695449,6.580284,5.832388,6.838531,5.538835,6.357054,6.140529,6.086834,6.645609,6.851924,6.985042,7.041958,6.998236,6.87827,6.058636
NFKBIA,7.403723,6.676215,6.96975,6.879193,6.838786,7.040599,7.321834,6.672499,6.485041,7.323897,7.159033,7.244172,6.781993,7.371744,7.020335,7.521935,7.211296,6.534226,7.174493,7.339922,7.064036,7.011166,7.277375,6.318236,6.998322,7.004245,6.892882,6.603436,6.945902,7.100966,7.127686,7.90339,7.861178,8.110158,7.701576,7.686752,8.423853,8.02463,7.83112,7.982027,7.495081,7.808171,7.656444,8.211158,7.812752,7.52288,7.980352,7.535381,7.464759,8.084986,8.098866,7.710451,7.7076,7.534348,7.456304,7.600265,7.819171,7.58463,7.123199,7.897633,7.922557,7.293492,7.758965,7.873986,7.386697,7.66398,7.879959,7.745513,7.676685,7.755472,6.977411,7.720799,7.874723,8.111675,7.381393,7.40999,7.339328,7.129709,7.629726,7.259805,8.038703,7.288718,7.763494,7.851864,7.839948,7.828594,7.530237,7.852723,7.649785,7.445022,7.638189,7.622958,7.167617,7.165386,6.941689,6.784679,7.01342,8.014183,7.368588,7.357386,7.780523,7.227777,7.020069,7.308627,7.938236,7.544512,7.441979,7.31842,7.39747,7.723597,7.474271,7.242944,7.211608,8.116037,7.955169,7.63846,7.393675,7.291173,7.085555,7.016247,7.749154,7.517912,7.647284,6.57833,6.884589,7.349216,7.591009,7.394507,7.605959,6.540622,7.374578,7.646764,7.495957,7.496772,7.527474,7.636974,7.528462,7.025565,6.744308,7.18553,7.276147,6.879039,7.425887,7.811232,7.948399,7.285043,7.463103,7.780814,7.40277,7.362318,7.411639,7.333896,7.358517,7.724506,7.139301,7.11361,7.790427,6.962564,6.966339,7.917947,7.615629,7.659361,6.362236,7.935415,7.984471,8.086874,8.047668,8.220562,7.361715,7.602473,7.93566,8.047559,7.657517,7.685591,7.28439,7.232398,7.309532,7.353662,7.788063,7.476213,7.107619,7.806045,8.096387,7.436985,7.578091,7.347663,7.835505,7.542492,7.986932,7.461797,7.775064,7.438882,7.892762,7.493851,8.039843,8.119386,7.618855,7.105364,7.738549,7.599184,7.812816,8.319142,7.224363,7.481147,7.637424,7.591319,7.885002,7.790577,7.105277,7.961038,7.436783,7.82385,7.740852,7.819632,7.668406,7.805221,7.928506,7.506704,7.555763,8.3144,7.393586
PER1,4.87325,4.927662,5.202268,5.007343,5.017652,5.101864,4.835027,4.930115,4.997893,5.639216,4.995795,5.373669,4.628555,5.606591,5.204232,5.092097,5.640458,4.853401,5.443182,5.407267,5.679844,4.520497,5.407247,4.27795,4.954204,5.502739,4.388889,5.053987,5.000909,5.108279,5.116832,5.543462,5.326099,6.485035,5.372883,5.810941,5.658864,6.483337,6.122698,6.856313,6.552893,5.304457,7.153706,6.886911,5.155399,6.846213,6.694721,5.62067,6.553952,6.960617,6.561895,7.03981,5.052869,6.164089,5.261724,5.825741,7.148869,5.225581,5.532984,5.704135,6.203535,5.540769,5.581861,6.106202,5.545438,5.095121,5.959735,5.823151,6.759206,6.674238,5.888962,6.147226,6.078067,6.788632,6.398184,4.92472,5.80979,5.187301,5.044669,5.518508,5.733881,5.945821,6.58267,7.27688,6.539891,6.238805,5.498622,6.459826,5.895001,5.938995,5.839953,6.399506,5.25417,6.468117,5.875922,5.37778,6.003919,6.614611,5.951777,5.802268,6.47346,5.422203,6.776381,5.575668,5.612876,4.582469,6.289997,4.984149,5.793802,5.589977,5.641248,5.171986,4.510346,6.727945,6.113905,5.648496,6.025874,4.762084,4.92873,5.563939,5.395382,5.807229,6.356282,4.424963,5.327678,5.463799,5.574588,6.141965,5.950006,5.292658,5.479546,6.364825,5.168736,6.359008,5.919072,6.516243,5.724854,5.345431,5.699475,5.444067,5.912827,6.065076,5.774801,5.868954,5.698149,6.195007,6.56228,7.442315,5.712193,5.324731,5.916706,6.207795,5.961492,5.70481,5.722093,5.031382,5.943049,5.769693,5.945748,6.419346,5.962668,6.100072,5.639203,5.58231,6.738218,6.515112,6.337049,6.222499,4.920993,5.099407,5.3792,5.999701,5.687308,6.215834,5.825737,5.39166,5.30949,5.576234,6.592525,6.356531,5.280014,7.055379,6.441582,5.717417,5.707329,5.813551,7.004691,6.639536,5.650408,6.077187,6.847697,5.967141,6.817176,5.566957,6.776793,7.648026,7.052567,6.4291,6.274168,5.191861,6.90088,7.390402,5.640454,6.325891,6.303589,6.028823,6.448154,6.403799,4.994625,6.339124,6.215167,5.82211,6.313489,6.329658,5.6647,6.94012,6.354176,6.496915,6.057085,6.566091,5.852913
PRSS33,4.851672,4.364028,5.08479,4.416897,4.732898,4.586976,4.106217,4.603559,4.403179,4.574036,4.69208,4.397563,4.956372,4.970025,4.798588,4.78818,4.935278,4.645263,4.886986,4.775294,5.516346,4.629766,5.209286,4.603677,4.720801,4.562194,4.350725,4.736697,4.399044,4.837147,4.832151,4.442677,4.605055,4.572356,4.728245,4.33948,4.645617,4.453808,4.499307,4.713435,4.721428,4.884213,4.870831,4.817848,4.555428,4.832632,4.651989,4.311978,4.801808,4.672045,4.863423,4.911908,4.60858,4.796078,4.420089,4.300125,4.747299,4.700626,4.096534,4.539546,5.095059,5.018657,4.721822,4.682387,4.457779,4.712948,4.914565,4.735695,4.83309,4.776052,4.941416,4.635831,4.420396,4.639427,5.091887,4.84585,4.565698,4.607247,4.497155,4.636419,4.20074,4.588933,4.891371,4.820969,4.706327,4.672217,4.493975,4.626907,4.507193,4.725915,4.748667,4.910918,4.821,5.05747,4.794614,4.977246,5.106421,4.624031,5.200182,4.918197,5.465395,4.664217,5.122095,5.261451,4.726593,4.700449,4.832207,4.730621,4.844549,4.667638,4.748334,4.880358,4.540864,4.758541,4.980481,4.773198,4.62869,4.578524,4.741173,4.656129,5.044277,4.64888,4.410192,4.462622,4.904838,4.871836,4.797073,5.38762,5.050288,5.891074,4.992475,5.212831,4.973462,4.489385,4.51266,5.16054,4.560301,4.822668,5.536871,4.893958,4.606693,5.334495,4.658319,4.589399,5.059299,4.923601,5.003601,5.178952,4.672735,4.328813,4.888439,4.6065,4.887345,4.909264,5.232623,4.602003,4.963907,4.856119,4.463698,5.099024,4.384335,4.853217,5.439281,4.335688,4.752698,4.700072,4.60925,4.699698,4.668496,4.56017,4.48758,4.904405,4.936049,4.865251,4.427135,4.699404,4.769607,5.349133,5.132614,4.635464,5.318615,4.855349,5.132915,4.898979,5.732711,5.275187,5.30429,5.213882,5.092474,4.823462,5.329929,5.470971,5.22158,4.873248,4.751292,4.66,5.032774,4.989315,4.964729,4.775831,5.044553,4.855493,4.821866,4.838582,4.674867,4.687308,5.013049,4.575489,5.312156,4.65871,4.851079,4.750523,4.889881,5.199864,4.778152,4.784293,4.884955,4.975501,4.836538,4.766833,4.892437
RELA,5.922298,5.898678,6.097362,6.080074,6.243978,5.941795,6.15138,5.940247,5.934961,6.525761,6.347811,6.133949,5.700918,6.039616,6.089953,6.201754,6.310103,6.059968,6.171417,6.35965,6.474468,6.281685,6.640461,5.856586,5.9674,6.408444,6.274301,6.360511,6.042141,6.447404,6.117734,6.408784,6.268379,6.133989,6.258192,6.120329,6.351684,6.388165,6.286929,6.788414,6.432018,6.204783,6.41855,6.649485,6.253699,6.545111,6.343643,6.05887,6.186325,6.462516,6.760962,6.710556,6.259381,6.220735,6.317586,6.364395,6.454939,6.513664,5.991902,6.257975,6.539434,6.223499,6.455532,6.306026,5.848314,6.447231,6.702258,6.3525,6.495059,6.421533,6.210858,6.161162,6.119657,6.30609,6.054727,6.411265,6.168276,6.445639,6.24809,6.24893,6.388654,6.145243,6.901633,6.572531,6.319007,6.192004,6.825967,6.738009,6.172503,6.391288,6.490967,6.629848,6.348633,6.608227,6.543043,6.360433,6.335085,6.403687,6.506033,6.340323,6.55644,6.587304,6.360898,6.457223,6.643037,6.526048,6.553306,6.578473,6.592748,6.825217,6.443439,6.511749,6.45911,6.737364,6.324028,6.353432,6.455204,6.665471,6.115096,6.217111,6.467961,6.122823,6.112495,6.207046,6.445122,6.301017,6.511149,6.178079,6.543463,6.284996,6.858188,6.465696,6.547405,6.258192,6.618481,6.37395,6.443244,6.432087,6.008293,6.61203,6.643559,6.492435,6.534062,6.502271,7.032292,6.616973,6.489407,6.438336,6.014059,6.265636,6.431412,6.417343,6.618204,6.536351,6.650295,6.475439,6.297718,6.500757,6.275917,5.994042,6.329715,6.903049,5.637442,7.170515,6.974511,6.923,6.71493,6.800274,6.713309,6.391789,6.969106,7.237921,7.088439,6.801999,6.690089,6.987021,7.341745,6.933965,7.036617,6.900735,7.243582,6.997433,6.976649,7.267576,7.259935,6.868975,7.064871,6.8089,6.894799,7.067936,7.177872,7.025784,7.06702,6.953909,6.977659,7.17724,6.891493,6.670798,7.045245,6.809499,7.044268,7.168984,6.420287,7.135475,6.844837,6.854947,6.756047,7.09353,6.573606,7.288361,6.822423,6.947297,7.100737,6.708556,6.929646,6.886034,7.16394,7.171857,7.057381,7.08792,6.581769
S100A8,5.327925,5.656559,3.744422,3.61608,4.947472,6.832084,3.264757,3.841913,4.605212,5.180343,6.991049,4.458514,5.751813,5.428177,3.767112,6.570485,5.825508,4.141463,9.064238,3.59613,5.118138,7.172985,4.949098,6.018301,6.502464,4.260192,7.644659,3.674515,5.14316,5.114122,5.983656,4.392953,8.89887,6.531016,7.747571,7.10006,6.149608,5.901925,4.182595,3.977245,4.892002,4.841773,6.586936,4.86083,6.611297,5.650324,6.83807,3.429099,7.412729,3.896413,5.856652,3.91471,3.70043,3.29864,4.334946,4.372587,3.468952,6.441976,4.75007,4.587722,4.47523,6.797453,4.014473,4.49958,3.166147,5.466748,4.264655,3.585284,4.027702,3.535347,3.784382,8.037906,3.617383,3.736691,4.836861,4.745682,3.461658,7.904443,3.774207,7.7607,7.111042,2.91944,8.161,3.804256,4.33392,3.135139,10.79025,4.655049,3.121281,4.914941,3.870183,5.313453,6.412049,8.658,7.66024,4.252169,3.415717,5.18213,4.145974,4.186398,3.984825,4.042419,6.612575,6.330136,9.031197,10.89411,6.967092,6.867066,4.264356,10.18044,3.942283,6.654409,10.05816,3.893758,5.823462,7.824997,5.102181,7.034987,3.449387,6.153969,7.143407,3.475349,4.577844,6.082215,5.407518,8.184418,7.693245,6.202373,4.677858,5.232002,7.200449,6.078683,6.994833,4.834446,5.56975,4.015435,5.246812,7.367535,7.410368,9.593543,8.107378,8.696117,7.799445,4.490867,8.222065,5.63492,3.53148,4.991928,6.801522,4.452186,7.289855,6.295506,5.909944,4.968611,4.482244,5.217208,3.497543,6.110731,5.408781,6.6959,6.799387,8.444757,6.331186,7.694225,7.870259,4.100223,3.607302,3.331225,6.933522,4.139591,8.273916,4.528974,4.650027,3.396332,3.929452,5.445974,9.092337,4.419885,3.661967,4.064445,5.790349,6.973699,7.316017,5.904655,8.856608,9.65521,4.712917,5.281089,6.474542,4.617829,4.296535,5.204823,4.721099,5.452373,3.582757,5.306636,3.405083,3.957755,4.528931,4.565212,3.984424,3.58709,6.478086,5.717541,8.894228,3.813533,5.968619,5.132798,9.146448,9.13773,8.315667,3.518015,7.372426,7.663707,3.818945,5.665905,3.65386,4.035429,4.713114,4.627755,3.785948
S100A9,6.289352,5.77487,5.279267,4.899922,5.518726,6.394463,4.448926,4.716299,5.110217,5.122482,6.120218,5.178405,5.936678,5.915696,4.573432,6.217863,6.196649,4.927431,7.075427,5.168572,5.455411,6.376053,5.741414,5.890709,5.871909,4.828731,5.977174,4.92463,5.094228,5.445909,5.374096,5.046977,8.067019,5.966138,6.095401,6.080854,5.83751,5.436311,4.987907,5.316415,5.677705,5.310987,6.444272,5.415423,5.836961,6.159817,6.778767,4.934692,6.983499,5.76041,5.946746,5.476122,4.776244,4.234439,5.182161,5.024529,5.272206,6.088747,5.182053,5.415715,5.722815,6.539442,5.041868,5.2737,5.04715,5.500075,5.469734,4.730405,5.39976,5.055929,5.128172,7.133416,5.00877,5.710559,5.937153,5.074164,4.797622,6.699003,4.804444,5.854691,6.368395,4.973459,7.268704,5.2924,5.159788,4.982299,9.120585,5.516205,5.091218,5.690506,5.048683,5.996204,6.256004,7.401826,6.652972,5.653296,5.221636,5.515207,5.271296,5.767623,5.609936,5.220347,6.730748,6.219091,8.007714,9.570684,6.156301,6.306421,5.313801,8.916523,5.284567,6.030912,8.758665,5.248416,5.701612,7.083564,5.326681,6.560118,5.323518,5.771688,6.701716,5.039485,5.297605,5.657154,5.745948,6.882258,7.058928,6.173892,5.542521,6.614835,6.958959,6.376411,6.958761,5.716677,6.271691,5.423574,5.521667,6.707109,7.09315,7.844357,7.112917,7.968862,6.862131,5.824783,7.773695,6.271096,5.33229,6.193483,6.118499,5.022812,6.715876,5.889285,6.142653,5.357828,5.48474,5.812877,5.159225,6.192059,5.189016,6.515498,6.070453,7.323622,7.675168,7.662987,7.518291,5.46736,5.132515,5.608054,6.863224,5.750422,7.826543,5.978394,5.669611,4.988021,5.488199,6.050957,9.0448,5.452635,5.703858,5.205875,7.142335,7.529845,7.335317,7.109504,9.003239,9.285338,6.269377,6.652301,7.06508,6.142247,6.036981,6.645535,5.789404,6.50164,5.842137,6.864339,5.464072,6.17878,6.339422,5.881408,6.029717,5.852712,6.65592,6.91784,8.662259,5.51032,6.796525,6.787778,9.297576,9.197493,8.387494,5.689579,7.446723,7.684076,4.987999,5.895924,5.454683,6.082587,6.125669,5.822743,5.448011
SIGLEC8,3.558462,3.480536,3.706378,3.492831,3.749235,4.12806,3.290009,3.376866,3.35154,3.616146,3.314419,3.277437,3.551682,3.776199,3.349839,3.752277,3.723118,3.214551,3.92906,3.677967,4.027254,3.360992,3.844361,3.570289,3.331484,3.594296,3.335033,3.619706,3.286964,4.085703,3.219268,3.304041,3.859096,3.630777,3.280329,3.522102,3.313622,3.515782,3.534723,3.780505,3.899865,3.513188,3.926857,4.09481,3.390883,3.712858,3.90944,3.548205,4.156315,3.712422,4.003671,3.767282,3.710718,3.435425,3.602599,3.397475,3.743123,3.801514,3.646379,3.53934,4.206226,3.877465,3.752743,3.814884,3.56111,4.244549,3.739724,3.741619,3.958783,3.675741,4.142812,3.810122,3.501901,3.499483,3.873224,3.671428,3.321842,3.269228,3.223428,3.329794,3.05491,3.439974,3.814909,3.898643,3.716648,3.684495,3.242496,3.820737,3.233786,4.158173,3.875191,4.065049,3.930761,3.765931,3.722324,3.706101,3.836221,3.595846,3.919034,3.829828,3.967835,3.947323,4.211206,3.844573,3.796051,3.682916,3.9208,3.598928,4.017925,3.775742,3.700262,3.707209,3.466715,3.460639,4.434393,4.007856,3.687183,3.814456,3.70064,3.814041,3.901355,3.657918,3.359136,3.490721,3.806326,3.482244,3.619573,4.551711,4.179266,4.5988,3.744517,4.672911,3.939329,3.678415,3.84357,4.145502,3.837135,3.641273,3.948766,3.451856,3.624297,4.388194,3.760291,3.710309,3.993949,3.797569,3.932765,4.477154,3.312456,3.346447,3.812897,3.920754,3.559471,4.105971,4.048243,3.54928,3.796361,4.037185,3.215103,4.066271,3.624461,3.688916,4.108329,3.526975,3.302088,3.176896,3.094915,3.474719,3.620216,3.386082,4.343234,4.043146,3.730103,4.03318,4.10788,4.088193,4.045364,4.063,4.523046,3.957398,4.478785,4.509175,4.165361,3.9425,4.724011,4.235502,4.65772,4.083262,4.429043,4.201254,4.546205,4.226198,4.226614,3.875039,4.105353,3.843865,4.003986,4.150725,3.79966,3.85356,4.180453,3.954402,3.739995,3.774606,4.008142,3.76082,3.955836,3.742592,4.150549,3.639433,3.877933,3.58965,4.031944,3.851536,3.758366,3.787985,3.933522,3.796062,4.432457,3.757164,4.163176
SOD2,7.919906,7.822732,6.214501,6.665898,6.124081,6.934816,6.478152,5.853287,5.996787,6.266382,6.346523,7.120009,6.593617,6.338287,6.829321,7.169905,6.745331,6.407969,6.036979,6.026568,6.035546,6.57427,7.203374,7.08989,7.642835,6.129992,6.912347,6.019403,6.494088,6.348028,6.436705,8.420962,8.418514,7.73193,8.546166,7.770903,7.552289,7.449211,7.51238,7.049976,6.816156,7.015846,7.070345,7.142912,8.082086,6.195668,7.323712,6.946979,7.125332,6.922122,7.537915,6.640644,7.384107,7.051553,6.977776,8.010537,6.579361,6.437049,6.953805,7.53279,6.821588,7.446516,6.960549,6.873492,6.885538,6.35779,6.930256,6.752232,6.658792,7.024,6.551046,7.557418,6.813563,6.83096,6.825027,6.582609,6.458606,6.389606,6.436445,6.746268,7.621404,6.590532,6.821837,6.397122,6.682189,6.629001,6.371703,6.67482,6.818161,6.503816,6.431565,6.449247,6.30239,5.972483,6.330858,6.375826,5.609425,6.693249,5.833713,6.698379,6.295835,6.35254,6.176908,5.780798,7.146619,6.564068,6.28502,6.295087,6.55104,6.539223,6.64095,6.608747,6.597701,7.114501,6.842295,7.464938,6.466845,6.66424,6.686282,6.434855,8.586493,6.756136,6.921191,5.969539,5.741774,6.110802,7.223105,5.662043,6.155,6.773682,7.052706,6.165767,6.847212,6.177063,6.955844,6.260264,7.015546,5.901086,6.291196,5.833302,6.23504,5.652938,6.287091,6.610699,7.634474,5.850455,6.146374,6.538966,6.737248,6.666548,7.095715,6.465499,6.406006,7.025256,6.238147,6.41849,6.525389,5.636532,6.43049,6.855202,6.847674,6.338598,5.395821,6.009939,5.545456,5.914151,5.716393,5.925722,6.066633,5.74461,7.070631,5.597296,5.420551,5.778855,5.732611,6.050321,5.401478,5.211403,5.928289,5.489984,6.2054,6.479759,7.23556,6.691463,5.554133,5.926511,6.03805,6.106285,5.962863,5.852283,6.264653,5.912751,6.511446,5.747864,6.479349,7.12667,5.873375,5.855559,5.983196,6.06461,5.935266,6.279437,6.093372,5.652853,7.045932,5.625667,6.793215,7.031207,7.374631,6.369068,6.708381,5.848563,6.308558,6.746633,5.859816,6.25522,6.132277,5.930754,6.147882,6.339499,6.106032
TGFB1,5.346093,4.647825,4.910217,4.893745,4.840627,5.101824,4.928306,4.523825,4.401473,5.605666,5.41642,5.216242,4.939623,5.309054,4.725574,5.766304,5.617926,4.394027,4.50762,5.397214,4.791775,5.006189,5.031657,4.700047,4.64459,5.211349,5.069061,4.424471,5.093615,5.411074,5.116846,6.076664,7.012343,5.514316,5.796606,5.747045,6.273273,5.4355,4.987979,6.023517,5.518345,5.905261,5.728685,6.36855,5.672647,5.829083,5.678702,5.104805,5.574482,5.332192,6.460887,5.833312,5.365828,5.821467,5.867824,5.861861,5.689204,5.662459,5.162978,5.490143,5.55441,5.441172,6.166492,5.567178,5.084561,6.107677,5.66215,5.52749,5.590662,5.232882,4.856243,5.774762,4.945631,5.252897,4.852389,5.658517,5.342237,5.573238,6.024959,5.337666,5.771966,4.974751,5.858231,5.799047,5.627057,5.619539,6.026955,6.026271,5.387991,5.297066,5.9894,5.612138,4.920641,5.591808,5.711933,5.224442,4.8357,5.063764,6.115367,5.207086,5.577345,5.503119,5.856456,5.598701,5.343425,5.586385,5.357041,5.45261,5.356792,5.767362,6.05251,5.561726,5.766237,6.216723,5.039405,5.21394,5.49951,5.719574,5.136628,4.500608,6.196716,5.339491,4.8249,4.599729,4.785609,5.013741,6.023062,5.308259,5.718241,4.814344,5.326518,5.517149,5.919338,4.953141,5.689295,5.17037,5.398691,5.524172,5.268582,5.966403,5.487247,5.248875,5.465114,4.949608,6.055557,5.670134,4.770195,5.267061,5.231507,5.265686,5.630674,5.247073,5.432577,5.00313,5.581996,5.369458,5.36512,5.695979,4.940351,5.616177,5.244504,6.168734,4.872626,6.156152,5.691902,5.961557,6.13111,5.933723,5.458413,5.504304,5.916736,5.811912,5.706478,5.612398,5.704346,5.651612,5.878121,5.69962,5.565717,5.624828,6.113617,5.938687,6.261169,6.467783,6.390284,5.859632,6.350521,6.105633,6.541743,6.489015,5.794282,5.782027,6.713982,5.871301,6.325161,6.187226,6.17139,5.786567,6.156484,5.893926,6.219049,6.281514,5.83149,6.248781,6.303594,5.896178,6.178752,6.202262,6.196592,6.308785,6.718502,5.869136,6.24191,6.051003,5.906309,6.213396,6.225948,6.239235,6.521993,6.22524,5.842867
TLR2,5.641841,5.916358,4.670644,4.811219,4.061254,4.994873,4.880473,5.061942,4.941462,4.640169,5.012095,5.141568,4.856991,4.66187,4.813876,4.499612,4.922332,5.207405,4.500349,4.32816,3.572332,4.896194,4.756582,5.219077,5.628248,4.595503,5.376752,4.774077,5.09868,4.36915,4.94909,5.204395,6.607349,4.963831,5.211965,5.078549,4.947147,4.573547,5.1687,4.221166,4.218804,4.939951,4.702219,4.347871,5.306784,4.567478,5.105378,4.470555,5.115357,4.728879,4.844765,4.402203,4.934419,5.109805,4.601038,5.663961,4.197671,4.494979,4.76537,5.244973,4.981636,5.610941,4.579399,4.706892,4.429294,4.223475,4.772177,4.383712,4.135607,4.469814,4.643574,4.749319,4.559519,4.092064,4.426567,4.641998,4.276781,4.362948,4.505257,4.61581,5.267789,4.487288,4.692125,4.294778,4.541172,4.574601,4.125612,4.04305,4.999821,4.483492,4.354682,4.706851,4.398826,4.69171,4.4028,4.855607,4.226494,4.840353,4.188002,4.478683,4.319047,4.446595,3.830787,4.459054,4.387913,4.393173,4.435116,4.350131,4.106117,4.543776,4.420559,4.206817,4.425188,4.642812,4.681409,4.945209,4.3652,4.721935,4.680426,4.616232,6.170318,4.689513,5.136544,4.610116,4.570395,4.691761,4.816601,4.137917,4.482421,4.464444,5.131329,4.55891,4.831093,4.780668,4.141042,4.263675,4.50886,4.472082,4.363204,4.42304,4.57185,4.182011,4.56434,4.70983,4.82646,4.308648,4.739353,4.34673,4.758561,4.530562,4.75224,4.400514,4.898818,5.686041,4.423484,4.704558,5.224691,4.622765,4.439077,4.752813,4.427009,4.867899,4.304145,4.510952,4.443123,4.378825,4.249901,4.095095,4.676451,3.929109,4.886819,4.310028,4.253222,3.870188,3.669002,3.904691,3.969189,3.874271,4.01834,4.16291,4.023214,4.519212,4.906012,4.381186,4.499345,4.231781,4.48025,4.074558,4.078709,4.065708,3.865216,4.132714,4.087204,4.371714,3.765015,4.207767,4.092616,4.488926,4.419198,4.325083,3.969063,3.88973,4.176339,4.17635,4.924545,4.225349,4.086627,4.371168,4.446815,4.295167,4.901073,3.913342,4.035908,4.278077,3.928841,4.275114,3.716962,4.026394,4.095738,4.272386,4.102052
TLR4,5.045485,5.570697,4.378298,5.139814,4.686165,4.807106,5.166448,4.56232,4.004597,4.554362,4.573574,5.783953,5.25764,4.764512,5.424511,5.639971,4.911978,4.990464,4.30579,4.355809,3.723782,4.239573,4.527979,5.505179,5.455151,4.605377,4.522039,3.990106,5.023381,4.182375,5.141548,5.376856,6.479033,5.757113,5.274985,5.835978,6.197239,4.773691,4.533913,4.733007,4.540415,4.740221,4.908652,5.031152,5.547903,4.738846,5.400184,5.346941,5.252302,4.82972,5.083689,4.915345,5.416899,5.603685,4.975324,5.775204,4.974414,4.573375,5.134932,5.609997,5.16103,5.293355,5.247342,5.187985,5.323727,5.103853,4.83573,5.181931,5.051872,5.145557,5.352119,5.422328,4.641776,4.807552,4.105489,5.256913,4.946421,4.24151,3.948015,4.498503,5.507357,5.050155,3.874723,3.882608,4.59238,5.069208,3.479538,4.308123,5.29359,4.658829,4.996224,4.760035,4.032521,3.665781,3.661905,4.070862,3.680512,4.659275,4.045527,5.149307,4.426988,4.134491,4.376974,4.307715,3.591172,4.443116,4.043505,3.792117,4.429767,3.918993,4.557437,4.697874,3.55317,5.184251,5.256227,4.335562,5.158859,4.068532,4.535347,4.077459,6.547327,5.033624,5.479966,4.493407,4.19796,4.232238,5.156048,4.052214,3.837544,4.472567,3.943807,4.422215,5.153556,4.729473,4.690399,4.618953,4.90504,4.166283,4.988418,4.081324,3.853229,4.235072,3.49077,4.515626,4.043265,3.840774,4.017916,4.50987,5.030425,5.581861,4.763748,3.83029,4.189146,5.315389,4.320522,4.60884,5.1658,3.622867,3.731075,5.198291,4.927537,4.078313,4.869916,4.724751,4.570885,5.656679,5.341368,5.722477,5.137409,5.394141,5.033624,4.72661,4.83988,4.230692,4.68066,4.221272,4.067352,4.627856,5.230391,4.829431,3.503041,4.481329,4.927828,5.01055,3.972692,4.769067,4.802145,4.019356,5.339983,4.51096,4.305574,4.520258,5.207488,4.475994,4.913972,5.197149,5.128696,4.821521,4.913241,4.970709,4.682286,4.353373,5.318394,4.065508,5.579319,5.052829,5.054756,5.422468,5.780784,4.887846,5.053608,4.964405,5.014098,5.809205,5.108439,4.956785,5.281001,4.792543,5.440574,5.409034,4.810472
TNF,4.69211,3.614237,4.215736,3.874233,4.217895,4.347221,3.726454,3.78333,3.556307,4.184644,3.93635,3.861473,4.079376,3.955319,3.730947,4.038257,4.07148,3.883588,3.981096,3.874984,4.500709,4.056545,4.346645,3.945554,3.430702,3.723101,3.701849,3.945098,3.884312,4.166899,3.799478,3.847584,4.455146,3.922795,3.57445,4.086127,4.361639,3.95481,3.706798,4.161641,3.643061,3.815325,4.124821,4.173698,3.679785,3.499879,4.011013,3.580504,4.139896,4.245028,4.101146,4.157973,3.625391,3.793297,3.986931,3.915673,3.860681,4.164373,3.782702,3.837621,4.165913,4.095018,3.950596,4.097909,3.613151,4.176278,4.017077,3.870708,4.295569,4.363357,4.200047,3.874491,3.822833,3.738083,3.950483,3.774478,3.721617,3.805761,3.710817,3.256806,3.387441,3.805478,4.006673,3.832305,3.384439,3.982608,3.990057,3.906501,3.526089,3.65778,3.826581,4.063757,4.193008,4.044959,3.937338,3.736807,4.097931,3.905446,3.888234,4.284633,3.995671,3.861118,4.184033,3.86344,4.203565,3.604792,3.85368,4.067764,4.219512,3.845577,3.684685,4.135432,3.698057,3.573163,3.952584,3.971657,3.616702,3.647589,3.835199,3.938332,4.191533,3.786123,3.659699,3.718163,3.807388,3.822251,4.141464,4.341393,4.102662,4.816061,3.91535,4.335136,4.302611,3.602621,3.926231,3.965974,3.730419,4.178751,4.204105,3.90415,3.489903,4.189033,3.758538,3.796348,4.027136,4.024778,3.921233,4.38177,3.80372,3.459357,4.101092,4.000901,4.009762,3.73321,4.139997,3.630026,4.047785,3.973076,3.558152,3.777814,3.620735,3.951689,4.731415,4.073929,4.098732,3.875719,3.632699,4.001727,3.707161,3.964011,3.716065,3.820057,3.934767,3.947488,4.133425,3.397427,3.712909,3.432884,3.727853,3.962568,4.104586,4.054066,4.434853,3.836522,4.287599,3.838794,4.135416,4.258765,4.0074,4.101173,4.003564,4.011552,4.17928,3.996022,3.921997,3.943546,4.148668,4.394093,4.146261,4.097179,3.804278,4.213303,4.028502,4.012108,4.003676,3.642296,4.176173,3.876191,4.786832,4.29794,4.757981,3.454195,4.100497,4.256745,3.999043,3.595107,3.800601,3.718614,3.971839,4.1136,3.831763
TSC22D3,5.939409,6.307187,6.530375,6.6893,6.429095,5.897908,6.182422,5.555448,6.179556,7.065123,6.635054,7.401629,6.422547,6.569431,6.248408,6.744328,6.800702,6.349962,6.364696,6.454267,6.612727,6.037585,6.159956,5.98632,6.280201,6.466299,6.055173,6.218177,6.254379,6.449793,6.563615,7.235555,7.977849,8.101947,7.764156,7.515913,8.252789,8.188494,7.479329,7.773962,7.394409,6.792089,7.496931,7.792575,6.927478,7.267657,7.892123,7.770849,7.278195,7.75734,7.285968,7.434276,6.794971,7.154021,6.82394,7.075434,7.831386,6.817722,6.898324,7.121138,6.698061,7.119793,7.342939,8.059193,7.35538,6.923479,7.310069,7.266583,7.404057,8.11514,6.978777,7.46586,7.716718,8.373686,7.659636,6.716395,6.793763,5.931089,6.088512,6.697944,7.820555,6.767118,7.434937,8.111489,7.622655,7.307831,6.748936,7.62515,7.710243,6.835625,7.295998,6.973441,6.413627,7.300564,7.245357,6.955784,6.371255,8.369574,7.032374,6.975688,7.526639,6.496851,7.654615,6.738509,6.657827,6.486757,7.067018,6.25897,6.999413,6.838622,6.733213,6.436274,6.293674,7.639177,8.057182,6.598433,6.948828,6.175685,6.215597,6.510036,7.366585,6.745717,7.467228,6.299673,6.228694,6.6964,6.926967,6.494793,7.679042,6.282249,6.732936,7.847531,6.689052,7.713852,7.034859,7.715375,7.437873,6.520152,7.304111,6.39779,7.014991,7.15584,7.847784,8.11788,6.32595,7.366676,7.576655,7.575788,7.169881,7.163204,6.925113,7.024473,6.979785,7.024471,6.571201,6.541305,7.40646,6.649198,7.00148,8.705469,7.271366,6.722062,6.398749,6.303384,7.045146,7.287076,7.098448,7.100218,6.151474,6.445552,6.303532,7.182387,6.721204,6.918267,6.640882,6.330007,6.352082,6.905167,7.023516,6.855791,6.615759,8.05621,6.951563,6.910562,6.677405,7.167229,7.122427,6.650803,7.069884,6.79709,7.556686,6.797021,7.250748,6.457008,7.492388,7.583216,7.463329,6.54598,6.889777,6.555214,7.447658,7.973206,6.575437,6.948534,7.635291,7.334443,6.991828,7.206861,6.799459,7.238235,7.508686,6.947637,7.188505,7.360788,6.992554,8.143623,7.473629,7.334869,6.958614,7.845962,6.434212
TXN,8.121993,9.191865,8.573329,9.018208,9.159286,8.657517,9.44959,8.571182,9.521245,9.624826,10.13712,8.94413,9.205258,8.020569,9.649118,8.43588,9.421413,9.332443,9.791245,8.948007,7.876463,9.972261,8.334302,9.330886,9.439485,9.442591,10.24334,10.34381,9.819603,9.262164,9.213302,8.928082,8.376229,8.230536,9.760818,8.610136,7.825553,9.879401,9.367506,8.386673,8.895788,8.653539,8.149995,8.092473,8.610261,8.922589,8.493598,9.574791,8.648575,8.390935,8.66295,8.717851,8.712868,8.709332,9.535754,8.678039,8.098338,9.578363,8.550968,8.758978,8.912817,8.786529,8.403935,8.33715,9.263828,8.299925,8.849296,8.387503,8.030698,8.246737,8.305332,8.806578,8.744286,8.853452,9.439701,8.696817,8.843592,10.12372,9.754128,10.18894,10.32366,8.641922,10.16925,8.494176,8.50001,7.522605,10.913,9.723232,9.168736,8.66682,9.324153,8.497885,9.508514,9.885531,10.32456,9.289664,8.020343,8.357228,8.312655,8.341615,8.956175,9.193237,7.115762,9.42758,10.21949,10.52772,9.616109,10.19875,8.377255,10.17747,9.075892,9.516619,11.112,7.819063,8.543087,9.40451,8.764732,10.36896,8.826115,9.440048,8.693064,7.928185,8.257677,9.248254,9.308179,9.622993,8.976912,8.572416,9.499498,6.742096,9.391056,8.511793,9.77515,8.708049,8.706595,7.366,8.864353,9.051178,7.986891,10.47378,10.23459,9.654237,10.52944,9.560554,9.431357,8.651528,8.658093,7.622081,9.063453,8.528563,7.76698,9.572707,9.607141,9.462018,8.459229,9.635201,8.187337,8.763638,9.810855,7.553056,9.100591,9.425765,6.471068,10.22902,9.188607,7.145587,7.672754,7.985802,9.685357,8.457786,8.290731,8.649968,7.570414,8.368848,8.860002,9.147691,9.177422,8.14042,7.409678,7.141822,8.990365,8.001809,7.679452,8.775529,8.576755,9.057566,7.8037,7.535412,7.329401,7.736242,7.997209,8.093317,7.972182,8.877736,7.346441,7.402631,6.964328,6.813385,8.501889,7.588533,7.188015,7.04758,7.451332,8.872125,8.313296,7.920014,7.270411,7.624481,7.139371,9.317021,8.245404,8.010822,7.08777,7.216257,7.83257,7.858891,7.825142,9.219178,7.505467,7.917803,6.932575
TXNRD1,6.781521,8.476903,7.164807,8.671943,8.094858,6.978163,7.893597,7.119341,9.036279,7.852853,7.783718,8.41347,8.59391,6.95543,8.06253,7.426296,7.725971,8.598905,7.317123,7.423592,6.077107,8.846308,6.56717,8.57958,8.030221,8.299716,8.95416,8.48768,8.723555,7.732896,8.216618,7.856586,6.781867,7.310088,7.790524,7.412169,6.932964,7.540782,7.894429,6.81583,7.450738,7.340995,7.121845,6.723645,7.308638,7.029736,6.875108,7.901859,7.073015,7.144725,6.707693,6.686946,7.024564,7.355437,7.399325,7.427931,6.775414,6.736511,7.978455,7.027122,7.742412,7.403046,7.414594,7.340843,7.718761,6.597315,7.334318,7.223382,7.01006,7.189306,7.127868,7.40201,7.463805,7.626348,8.55514,7.449923,7.933164,8.040005,7.365563,7.919166,8.493987,7.542128,7.49017,6.896248,7.133925,6.933716,7.463144,7.057305,7.975904,6.707815,7.434167,7.382371,7.773746,7.970135,8.384082,8.96308,7.512358,7.351236,6.833185,6.532326,7.418396,7.611099,6.591,7.285686,7.053514,7.940722,7.227808,7.351198,7.121085,7.264533,7.540877,8.557265,7.691069,6.994349,7.193682,7.224552,7.714998,7.45388,7.612171,8.517072,7.369573,7.473108,7.529234,8.069049,7.999407,7.17962,7.13564,6.248778,7.156136,5.74423,7.464758,6.672164,7.276875,7.269436,6.946067,6.981683,6.998724,7.347803,7.02525,7.402695,7.86509,7.1946,8.064851,7.811976,7.434688,6.655569,7.197506,6.61218,7.528627,7.308026,6.445097,7.772861,8.154851,8.256152,6.778042,8.422071,6.919453,7.281716,8.437261,6.508099,7.216843,7.315952,5.617833,6.212396,6.101783,6.35461,6.638375,6.319471,6.785868,6.205515,6.082303,5.97156,6.482697,6.882396,6.654168,6.760191,6.234669,6.663604,6.342848,5.993911,6.945941,6.703128,6.368632,7.09727,6.617905,6.689334,6.030443,6.009309,6.18315,6.074365,6.37343,5.923801,5.971456,6.247673,5.999598,6.671125,5.825972,6.119326,6.626766,6.940445,5.941998,6.480497,6.299495,6.299495,7.324246,6.328042,5.797727,6.542059,6.116922,6.700616,6.748749,6.75122,6.207241,5.717663,6.03261,6.608265,6.411626,6.512591,6.440196,6.435497,5.706629
XBP1,8.780133,10.02009,9.309512,9.784902,9.630364,9.529165,9.693455,9.272574,9.834013,9.8822,9.163164,8.959465,9.246138,9.44239,9.772362,9.431655,9.897874,10.46512,10.04124,9.410537,10.14681,9.612047,10.209,10.05835,9.813752,9.790586,10.01366,10.02795,9.596598,9.848062,9.636836,9.69291,9.323612,9.517078,10.14231,10.0134,8.638335,9.381501,10.1382,9.855685,9.218899,9.491839,9.191408,8.895754,9.65694,9.468807,9.360012,9.612456,9.457742,9.832874,9.300883,9.606025,9.587224,9.725096,9.962572,9.629283,10.02341,9.530832,9.766015,9.610356,9.888263,9.812696,9.671344,9.6338,9.734506,9.05742,9.598595,9.181477,9.437961,9.892612,9.586084,9.596302,9.66976,9.088009,9.220003,9.738263,9.209504,9.537498,9.090256,9.751236,9.99171,9.298286,9.788738,9.937229,9.617327,8.915149,8.982451,9.694032,9.702445,10.14444,9.536919,9.644176,9.859269,9.42742,9.659428,10.03952,9.57156,9.144176,8.327044,9.311645,9.901993,9.743139,8.94398,9.609617,9.821153,9.667934,9.855674,9.381006,10.07134,9.69126,9.469762,9.302428,9.695267,9.465902,9.173363,10.05324,9.910692,9.210008,9.475212,9.499094,9.302779,9.591178,9.938459,10.04857,9.668193,9.625377,9.718694,9.428346,9.063519,8.08434,9.710526,9.048892,9.259257,9.553528,9.910648,9.213457,10.13121,9.493844,8.587852,9.280238,9.624025,8.290268,9.601347,9.677246,9.655524,9.025451,9.949402,9.267707,9.863935,9.193444,9.793661,9.372139,9.458922,9.861409,9.472776,10.10347,9.591519,8.885571,9.680039,8.172479,9.965299,9.091745,9.165208,8.610146,9.680891,9.800689,9.526717,9.743453,9.800796,9.559845,10.10847,10.02947,10.07379,9.801618,9.870127,9.28749,8.921846,9.750038,9.843018,8.87026,9.629358,9.732686,9.375025,9.593536,9.532981,9.715446,9.475617,9.559407,9.261028,9.175875,9.633128,8.855414,9.154132,9.644708,9.591598,9.962778,9.287609,8.967627,9.087037,9.267296,9.467069,9.718915,9.884676,9.358935,9.446658,9.107759,9.413134,10.00428,9.46483,9.385737,9.134282,9.524777,9.668945,8.486967,9.143581,9.459282,9.472499,9.891374,9.193775,9.339039,8.411934
ZBTB16,5.036107,4.591387,5.047894,5.916027,5.313463,5.888355,5.342717,4.60364,4.752449,6.030314,4.685366,6.195305,5.70993,5.85709,4.718021,5.790711,5.454152,4.858003,5.085125,5.82765,6.082435,4.831568,5.176884,4.239758,5.371657,5.498845,4.48175,4.564458,4.701399,4.942522,5.509735,5.531515,5.835441,6.929593,5.152426,6.458597,6.729216,7.562913,6.848625,6.942577,6.573357,4.991301,6.577517,7.369156,5.500781,6.26555,7.505666,7.159292,6.043922,7.011282,6.571585,6.752753,5.06342,6.209406,5.115238,5.581801,6.560332,5.943835,6.03866,6.308187,5.903932,6.038307,5.883336,6.855872,6.281936,6.19631,6.348083,7.193295,6.686671,7.91957,6.424418,6.2516,7.00034,7.765751,7.433124,5.254862,6.019409,4.345394,4.579756,4.708223,6.620086,5.719859,6.079608,7.042386,7.206276,6.563974,4.825291,6.816387,7.125134,5.317324,5.539538,5.628367,5.856328,6.268417,5.505382,6.093258,5.129701,7.965987,5.564222,5.893284,6.196751,4.951057,6.765043,5.541534,5.422739,4.517317,5.682213,4.633376,5.496449,4.862436,5.362004,4.99887,4.423485,6.814491,7.690304,6.023495,5.725168,5.017385,4.782607,5.068749,5.266966,5.500008,6.922329,4.523384,5.471442,6.345427,5.420052,6.311712,7.273161,6.312613,5.339571,7.033952,5.159174,6.085931,5.970378,6.98275,6.696311,5.849149,6.082816,4.813448,5.859609,5.391226,6.447947,6.685508,5.914362,7.445943,6.610235,7.1714,5.52965,6.102912,5.774099,5.919034,5.482651,5.305653,5.194112,4.809715,6.288341,5.747626,5.992748,8.241615,6.495928,6.139947,4.947042,4.428633,6.253041,5.781622,5.669709,5.460729,3.989616,4.915465,4.64007,5.302943,4.727747,5.022053,4.740316,4.775682,5.053362,5.065118,6.158717,5.464958,5.463904,7.078176,5.780405,5.241474,5.271119,5.162568,6.073159,4.944845,5.1904,5.644824,7.38886,5.575388,5.552871,4.619942,6.694263,7.284719,6.423755,6.241925,6.18136,5.212171,7.0834,7.796398,4.867149,5.884742,6.651489,5.58779,5.946306,5.956475,5.152415,5.724608,7.189419,5.696417,6.009338,5.808199,5.72155,7.07304,6.437963,5.449793,5.262589,7.540998,6.096143
